Cites,Authors,Title,Year,Source,Publisher,ArticleURL,CitesURL,GSRank,QueryDate,Type,DOI,ISSN,CitationURL,Volume,Issue,StartPage,EndPage,ECC,CitesPerYear,CitesPerAuthor,AuthorCount,Age,Abstract,FullTextURL,RelatedURL
1,"M Turno","'Dai che mi vesto da puttana!': Cultural Representations of Prostitution in Italy, 1955-1990",2012,"","Citeseer","https://citeseerx.ist.psu.edu/viewdoc/download?doi=10.1.1.847.111&rep=rep1&type=pdf","https://scholar.google.com/scholar?cites=6823386792964920006&as_sdt=2005&sciodt=2007&hl=en",93,"2022-07-17 10:02:25","PDF","","","",,,,,1,0.10,1,1,10,"Nadia frantically tries to escape, chased by a fifth man. She loses one shoe, then the other when he grabs her and pushes her into the mud. For what seems a long time he holds her …","https://citeseerx.ist.psu.edu/viewdoc/download?doi=10.1.1.847.111&rep=rep1&type=pdf","https://scholar.google.com/scholar?q=related:xhLE5yKKsV4J:scholar.google.com/&scioq=misogyny%7Csexism+hate%7Ctoxic%7Cabusive%7Coffensive+detection%7Cidentification%7Cprediction%7Cclassification+%22natural+language+processing%22%7Cnlp%7C%22deep+learning%22%7C%22machine+learning%22%7Cml%7C%22artificial+intelligence%22+or+ai&hl=en&as_sdt=2007&as_ylo=2012&as_yhi=2012"
1,"Z Vaisman","A Cognitive-Behavioral Therapy Model for the Treatment of Online Video Game Addiction",2012,"","search.proquest.com","https://search.proquest.com/openview/e9d6eb3067c1d31912d875b696a804ef/1?pq-origsite=gscholar&cbl=18750","https://scholar.google.com/scholar?cites=14365957326640222527&as_sdt=2005&sciodt=2007&hl=en",27,"2022-07-17 10:02:25","BOOK","","","",,,,,1,0.10,1,1,10,"… to impose such a classification in our next Statistical Manual. … and telling him over a microphone, “I hate you” or “I'm glad I … AI (Artificial Intelligence) is a term that describes how smart …","","https://scholar.google.com/scholar?q=related:P5HPEBMiXscJ:scholar.google.com/&scioq=misogyny%7Csexism+hate%7Ctoxic%7Cabusive%7Coffensive+detection%7Cidentification%7Cprediction%7Cclassification+%22natural+language+processing%22%7Cnlp%7C%22deep+learning%22%7C%22machine+learning%22%7Cml%7C%22artificial+intelligence%22+or+ai&hl=en&as_sdt=2007&as_ylo=2012&as_yhi=2012"
0,"J Lammi","A genre analysis of Iain M. Banks' The Player of Games",2012,"","erepo.uef.fi","https://erepo.uef.fi/bitstream/handle/123456789/11713/urn_nbn_fi_uef-20130119.pdf?sequence=1","",82,"2022-07-17 10:02:25","PDF","","","",,,,,0,0.00,0,1,10,"… Sentient artificial intelligence has also been developed as … it has evolved from being a classification of literary texts to a theory … sexism and gender-based discrimination. As Banks puts it, …","https://erepo.uef.fi/bitstream/handle/123456789/11713/urn_nbn_fi_uef-20130119.pdf?sequence=1","https://scholar.google.com/scholar?q=related:nuFNbFK4JIYJ:scholar.google.com/&scioq=misogyny%7Csexism+hate%7Ctoxic%7Cabusive%7Coffensive+detection%7Cidentification%7Cprediction%7Cclassification+%22natural+language+processing%22%7Cnlp%7C%22deep+learning%22%7C%22machine+learning%22%7Cml%7C%22artificial+intelligence%22+or+ai&hl=en&as_sdt=2007&as_ylo=2012&as_yhi=2012"
31,"MR Davidson","A nurse's guide to women's mental health",2012,"","books.google.com","https://books.google.com/books?hl=en&lr=&id=I3O-I-ehZ4kC&oi=fnd&pg=PR1&dq=misogyny%7Csexism+hate%7Ctoxic%7Cabusive%7Coffensive+detection%7Cidentification%7Cprediction%7Cclassification+%22natural+language+processing%22%7Cnlp%7C%22deep+learning%22%7C%22machine+learning%22%7Cml%7C%22artificial+intelligence%22+or+ai&ots=kpLVhYzWrC&sig=Xi5tRMHbADcqE8vRwzAQQp34KZM","https://scholar.google.com/scholar?cites=15456615073190990834&as_sdt=2005&sciodt=2007&hl=en",37,"2022-07-17 10:02:25","BOOK","","","",,,,,31,3.10,31,1,10,"Named a 2013 Doody's Core Title! 2012 Third Place AJN Book of the Year Award Winner in Psychiatric-Mental Health Nursing! This is a great resource for any nurse working with …","","https://scholar.google.com/scholar?q=related:8lN_M4TtgNYJ:scholar.google.com/&scioq=misogyny%7Csexism+hate%7Ctoxic%7Cabusive%7Coffensive+detection%7Cidentification%7Cprediction%7Cclassification+%22natural+language+processing%22%7Cnlp%7C%22deep+learning%22%7C%22machine+learning%22%7Cml%7C%22artificial+intelligence%22+or+ai&hl=en&as_sdt=2007&as_ylo=2012&as_yhi=2012"
3,"A Wright","A review of best practices in child welfare",2012,"","books.google.com","https://books.google.com/books?hl=en&lr=&id=hgQ1EAAAQBAJ&oi=fnd&pg=PA403&dq=misogyny%7Csexism+hate%7Ctoxic%7Cabusive%7Coffensive+detection%7Cidentification%7Cprediction%7Cclassification+%22natural+language+processing%22%7Cnlp%7C%22deep+learning%22%7C%22machine+learning%22%7Cml%7C%22artificial+intelligence%22+or+ai&ots=booE1WIUv9&sig=LatR4hHFPuQjb04pgpY7riIUgY0","https://scholar.google.com/scholar?cites=13797311174784626566&as_sdt=2005&sciodt=2007&hl=en",48,"2022-07-17 10:02:25","","","","",,,,,3,0.30,3,1,10,"… the child welfare field, as BP provide the identification of standards for service planning and delivery … Proposed solutions to entrenched sexism include the valuing of caregiving work, the …","http://phoenixsinclairinquiry.ca/exhibits/exhibit42.pdf","https://scholar.google.com/scholar?q=related:hq-QhGnleb8J:scholar.google.com/&scioq=misogyny%7Csexism+hate%7Ctoxic%7Cabusive%7Coffensive+detection%7Cidentification%7Cprediction%7Cclassification+%22natural+language+processing%22%7Cnlp%7C%22deep+learning%22%7C%22machine+learning%22%7Cml%7C%22artificial+intelligence%22+or+ai&hl=en&as_sdt=2007&as_ylo=2012&as_yhi=2012"
0,"JD Nagel, J Rudick","Abstracts from the NIH Office of Research on Women's Health Ninth Annual Interdisciplinary Women's Health Research Symposium November 15, 2012: Ninth Annual …",2012,"Journal of Women's Health","liebertpub.com","https://www.liebertpub.com/doi/full/10.1089/jwh.2012.ab02","",21,"2022-07-17 10:02:25","","10.1089/jwh.2012.ab02","","",,,,,0,0.00,0,2,10,"… following activation by calcium, 5 pM tissue factor and 450 ng/mL … initiating AI (n=94) completed baseline surveys prior to AI … This form of sexism, referred to as benevolent sexism, is …","https://www.ncbi.nlm.nih.gov/pmc/articles/PMC3466925/",""
7,"R Marlin-Bennett","Alker and IR: Global studies in an interconnected world",2012,"","api.taylorfrancis.com","https://api.taylorfrancis.com/content/books/mono/download?identifierName=doi&identifierValue=10.4324/9780203802069&type=googlepdf","https://scholar.google.com/scholar?cites=3757086502341622495&as_sdt=2005&sciodt=2007&hl=en",28,"2022-07-17 10:02:25","BOOK","","","",,,,,7,0.70,7,1,10,"… Trademark notice: Product or corporate names may be trademarks or registered trademarks, and are used only for identification and explanation without intent to infringe. …","","https://scholar.google.com/scholar?q=related:37p8mkTaIzQJ:scholar.google.com/&scioq=misogyny%7Csexism+hate%7Ctoxic%7Cabusive%7Coffensive+detection%7Cidentification%7Cprediction%7Cclassification+%22natural+language+processing%22%7Cnlp%7C%22deep+learning%22%7C%22machine+learning%22%7Cml%7C%22artificial+intelligence%22+or+ai&hl=en&as_sdt=2007&as_ylo=2012&as_yhi=2012"
0,"JL Nixon","An Exploration of How Homelessness Affects Indigenous Women",2012,"","search.proquest.com","https://search.proquest.com/openview/d069aff05209d8b72624ceba740268eb/1?pq-origsite=gscholar&cbl=44156","",90,"2022-07-17 10:02:25","BOOK","","","",,,,,0,0.00,0,1,10,"This thesis is an exploration of how homelessness affects Indigenous women. This study was conducted using an Indigenous research paradigm and executed from an Indigenous …","https://ourspace.uregina.ca/bitstream/handle/10294/3764/Nixon_Jacqueline_193401059_MSW_Spring2013.pdf","https://scholar.google.com/scholar?q=related:8t3_ZODIKkAJ:scholar.google.com/&scioq=misogyny%7Csexism+hate%7Ctoxic%7Cabusive%7Coffensive+detection%7Cidentification%7Cprediction%7Cclassification+%22natural+language+processing%22%7Cnlp%7C%22deep+learning%22%7C%22machine+learning%22%7Cml%7C%22artificial+intelligence%22+or+ai&hl=en&as_sdt=2007&as_ylo=2012&as_yhi=2012"
0,"JML Martin","An Explorative Study of the Perceptions of Lower Social Class African American Families of the Working Alliance with Middle Social Class White Family Therapists",2012,"","search.proquest.com","https://search.proquest.com/openview/1ab632d3ff8fd00ef1502cce4fa8c046/1?pq-origsite=gscholar&cbl=18750","",43,"2022-07-17 10:02:25","","","","",,,,,0,0.00,0,1,10,"This study examined the perception of families who received counseling by family therapists who were unlike them in race and social class. This study was conducted as a qualitative …","","https://scholar.google.com/scholar?q=related:7niys9fiu0UJ:scholar.google.com/&scioq=misogyny%7Csexism+hate%7Ctoxic%7Cabusive%7Coffensive+detection%7Cidentification%7Cprediction%7Cclassification+%22natural+language+processing%22%7Cnlp%7C%22deep+learning%22%7C%22machine+learning%22%7Cml%7C%22artificial+intelligence%22+or+ai&hl=en&as_sdt=2007&as_ylo=2012&as_yhi=2012"
129,"A Pina, TA Gannon","An overview of the literature on antecedents, perceptions and behavioural consequences of sexual harassment",2012,"Journal of Sexual Aggression","Taylor & Francis","https://www.tandfonline.com/doi/abs/10.1080/13552600.2010.501909","https://scholar.google.com/scholar?cites=10841051900659676784&as_sdt=2005&sciodt=2007&hl=en",19,"2022-07-17 10:02:25","","10.1080/13552600.2010.501909","","",,,,,129,12.90,65,2,10,"The detrimental effects of sexual harassment have been documented in the literature over the past 35 years, and recognized as a serious problem for all working women. In this paper, …","https://kar.kent.ac.uk/25836/2/Pina%20%26%20Gannon%20Journal%20of%20Sexual%20Aggression.doc","https://scholar.google.com/scholar?q=related:cLZk6kMnc5YJ:scholar.google.com/&scioq=misogyny%7Csexism+hate%7Ctoxic%7Cabusive%7Coffensive+detection%7Cidentification%7Cprediction%7Cclassification+%22natural+language+processing%22%7Cnlp%7C%22deep+learning%22%7C%22machine+learning%22%7Cml%7C%22artificial+intelligence%22+or+ai&hl=en&as_sdt=2007&as_ylo=2012&as_yhi=2012"
38,"MN Burns, C Kamen, KA Lehman…","Attributions for discriminatory events and satisfaction with social support in gay men",2012,"Archives of sexual behavior","Springer","https://link.springer.com/article/10.1007/s10508-011-9822-5","https://scholar.google.com/scholar?cites=7368390810706837726&as_sdt=2005&sciodt=2007&hl=en",23,"2022-07-17 10:02:25","","10.1007/s10508-011-9822-5","","",,,,,38,3.80,10,4,10,"Attributions modulate the impact of stressful events on mental health. However, little is known about attributions for discriminatory events and their relationship to psychosocial outcomes …","","https://scholar.google.com/scholar?q=related:3gBvJmfIQWYJ:scholar.google.com/&scioq=misogyny%7Csexism+hate%7Ctoxic%7Cabusive%7Coffensive+detection%7Cidentification%7Cprediction%7Cclassification+%22natural+language+processing%22%7Cnlp%7C%22deep+learning%22%7C%22machine+learning%22%7Cml%7C%22artificial+intelligence%22+or+ai&hl=en&as_sdt=2007&as_ylo=2012&as_yhi=2012"
0,"A TOWARD","Bisexual Identities",2012,"Handbook of Psychology and Sexual Orientation","books.google.com","https://books.google.com/books?hl=en&lr=&id=bvy9NaEwPnwC&oi=fnd&pg=PA31&dq=misogyny%7Csexism+hate%7Ctoxic%7Cabusive%7Coffensive+detection%7Cidentification%7Cprediction%7Cclassification+%22natural+language+processing%22%7Cnlp%7C%22deep+learning%22%7C%22machine+learning%22%7Cml%7C%22artificial+intelligence%22+or+ai&ots=Te-l4mDXbM&sig=9Ka_EIoBqvUwsN70p7lJ6Vir7jc","",26,"2022-07-17 10:02:25","","","","",,,,,0,0.00,0,1,10,"… , or gender of partner rather than on self-identification. A key concept of much of this literature is … heterosexuality and sexism of the culture (Pennington, 2009). Sexism affects the ways in …","","https://scholar.google.com/scholar?q=related:CBNp3IlbLZUJ:scholar.google.com/&scioq=misogyny%7Csexism+hate%7Ctoxic%7Cabusive%7Coffensive+detection%7Cidentification%7Cprediction%7Cclassification+%22natural+language+processing%22%7Cnlp%7C%22deep+learning%22%7C%22machine+learning%22%7Cml%7C%22artificial+intelligence%22+or+ai&hl=en&as_sdt=2007&as_ylo=2012&as_yhi=2012"
23,"MG Durham","Blood, lust and love: Interrogating gender violence in the Twilight phenomenon",2012,"Journal of Children and Media","Taylor & Francis","https://www.tandfonline.com/doi/abs/10.1080/17482798.2011.619549","https://scholar.google.com/scholar?cites=9034031054150713018&as_sdt=2005&sciodt=2007&hl=en",33,"2022-07-17 10:02:25","","10.1080/17482798.2011.619549","","",,,,,23,2.30,23,1,10,"… point of view, thus strengthening the reader's sense of identification with these perspectives. … Recommended articles lists articles that we recommend and is powered by our AI driven …","https://www.tandfonline.com/doi/pdf/10.1080/17482798.2011.619549","https://scholar.google.com/scholar?q=related:uj6AIGFTX30J:scholar.google.com/&scioq=misogyny%7Csexism+hate%7Ctoxic%7Cabusive%7Coffensive+detection%7Cidentification%7Cprediction%7Cclassification+%22natural+language+processing%22%7Cnlp%7C%22deep+learning%22%7C%22machine+learning%22%7Cml%7C%22artificial+intelligence%22+or+ai&hl=en&as_sdt=2007&as_ylo=2012&as_yhi=2012"
4,"CE Tachtiris","Branding World Literature: The global circulation of authors in translation",2012,"","search.proquest.com","https://search.proquest.com/openview/36af2e8cb4f005f34c1c3f28fdd6b21d/1?pq-origsite=gscholar&cbl=18750","https://scholar.google.com/scholar?cites=475116173423203131&as_sdt=2005&sciodt=2007&hl=en",92,"2022-07-17 10:02:25","","","","",,,,,4,0.40,4,1,10,"… He reinforces the classification ofthe Chinese text as a novel, he defines the … ""abusive fidelity,"" which ""requires the invention of analogousmeans of signification that are doubly abusive, …","https://deepblue.lib.umich.edu/bitstream/handle/2027.42/93838/tachtco_2.pdf?sequence%3D1%26isAllowed%3Dy","https://scholar.google.com/scholar?q=related:O9Pud6TzlwYJ:scholar.google.com/&scioq=misogyny%7Csexism+hate%7Ctoxic%7Cabusive%7Coffensive+detection%7Cidentification%7Cprediction%7Cclassification+%22natural+language+processing%22%7Cnlp%7C%22deep+learning%22%7C%22machine+learning%22%7Cml%7C%22artificial+intelligence%22+or+ai&hl=en&as_sdt=2007&as_ylo=2012&as_yhi=2012"
5,"P Molloy","Canada/US and Other Unfriendly Relations: Before and After 9/11",2012,"","books.google.com","https://books.google.com/books?hl=en&lr=&id=1RfIAAAAQBAJ&oi=fnd&pg=PP1&dq=misogyny%7Csexism+hate%7Ctoxic%7Cabusive%7Coffensive+detection%7Cidentification%7Cprediction%7Cclassification+%22natural+language+processing%22%7Cnlp%7C%22deep+learning%22%7C%22machine+learning%22%7Cml%7C%22artificial+intelligence%22+or+ai&ots=a_oCgG9Cnb&sig=WZY8J3miaEXkVWa2iRQgP8swX-M","https://scholar.google.com/scholar?cites=9559911586744121260&as_sdt=2005&sciodt=2007&hl=en",81,"2022-07-17 10:02:25","BOOK","","","",,,,,5,0.50,5,1,10,"Molloy depicts a relationship between Canada and the US based on envy, rivalry, and misunderstanding. Drawing on a range of disciplines including sociology, international relations, …","","https://scholar.google.com/scholar?q=related:rDcGBPCgq4QJ:scholar.google.com/&scioq=misogyny%7Csexism+hate%7Ctoxic%7Cabusive%7Coffensive+detection%7Cidentification%7Cprediction%7Cclassification+%22natural+language+processing%22%7Cnlp%7C%22deep+learning%22%7C%22machine+learning%22%7Cml%7C%22artificial+intelligence%22+or+ai&hl=en&as_sdt=2007&as_ylo=2012&as_yhi=2012"
0,"ST Calvo, CMP Rodríguez","Challenges and Risks of Internet Use by Children. How to Empower Minors?",2012,"Comunicar. Media Education Research …","scipedia.com","https://www.scipedia.com/public/Tejedor_Pulido_2012a","",39,"2022-07-17 10:02:25","HTML","","","",,,,,0,0.00,0,2,10,"… At the conference critical training in ML within the entire education community was called for… to promote a critical understanding of abusive and violent interactions (either cyberbullying …","https://www.scipedia.com/public/Tejedor_Pulido_2012a","https://scholar.google.com/scholar?q=related:sPQOB7yybxQJ:scholar.google.com/&scioq=misogyny%7Csexism+hate%7Ctoxic%7Cabusive%7Coffensive+detection%7Cidentification%7Cprediction%7Cclassification+%22natural+language+processing%22%7Cnlp%7C%22deep+learning%22%7C%22machine+learning%22%7Cml%7C%22artificial+intelligence%22+or+ai&hl=en&as_sdt=2007&as_ylo=2012&as_yhi=2012"
0,"KH Klumpp","Challenging Complicity: The Shaping of White Antiracist Lives Against the Prevailing Wind",2012,"","search.proquest.com","https://search.proquest.com/openview/c20723048629c6095a67c8a928318d28/1?pq-origsite=gscholar&cbl=18750","",95,"2022-07-17 10:02:25","HTML","","","",,,,,0,0.00,0,1,10,"… This identification is far too awkward and sounds too much like jargonto use it every time it … I suggest herein that racism is toxic to individuals, groups, and society, and likenthe process of …","https://search.proquest.com/openview/c20723048629c6095a67c8a928318d28/1?pq-origsite=gscholar&cbl=18750","https://scholar.google.com/scholar?q=related:7IvJrx5aHFYJ:scholar.google.com/&scioq=misogyny%7Csexism+hate%7Ctoxic%7Cabusive%7Coffensive+detection%7Cidentification%7Cprediction%7Cclassification+%22natural+language+processing%22%7Cnlp%7C%22deep+learning%22%7C%22machine+learning%22%7Cml%7C%22artificial+intelligence%22+or+ai&hl=en&as_sdt=2007&as_ylo=2012&as_yhi=2012"
25,"M Roloff","Communication Yearbook 22",2012,"","taylorfrancis.com","https://www.taylorfrancis.com/books/mono/10.4324/9780203856826/communication-yearbook-22-michael-roloff","https://scholar.google.com/scholar?cites=404120047718062536&as_sdt=2005&sciodt=2007&hl=en",71,"2022-07-17 10:02:25","BOOK","10.4324/9780203856826/communication-yearbook-22-michael-roloff","","",,,,,25,2.50,25,1,10,"… forms of communication arising from racism, sexism, ageism, and … find pornographic images to be offensive, standards of … rely on some sort of classification or coding of observed or …","","https://scholar.google.com/scholar?q=related:yFnZ0gq5mwUJ:scholar.google.com/&scioq=misogyny%7Csexism+hate%7Ctoxic%7Cabusive%7Coffensive+detection%7Cidentification%7Cprediction%7Cclassification+%22natural+language+processing%22%7Cnlp%7C%22deep+learning%22%7C%22machine+learning%22%7Cml%7C%22artificial+intelligence%22+or+ai&hl=en&as_sdt=2007&as_ylo=2012&as_yhi=2012"
82,"V Minichiello, I Coulson","Contemporary issues in gerontology: Promoting positive ageing",2012,"","api.taylorfrancis.com","https://api.taylorfrancis.com/content/books/mono/download?identifierName=doi&identifierValue=10.4324/9780203015414&type=googlepdf","https://scholar.google.com/scholar?cites=11219206241965141980&as_sdt=2005&sciodt=2007&hl=en",50,"2022-07-17 10:02:25","BOOK","","","",,,,,82,8.20,41,2,10,"… hate the same object. Further, as sociologists have discovered, our feelings of love and hate… It is perhaps a shocking fact that we can both love and hate the very young and the very old, …","","https://scholar.google.com/scholar?q=related:3G8tmqKgspsJ:scholar.google.com/&scioq=misogyny%7Csexism+hate%7Ctoxic%7Cabusive%7Coffensive+detection%7Cidentification%7Cprediction%7Cclassification+%22natural+language+processing%22%7Cnlp%7C%22deep+learning%22%7C%22machine+learning%22%7Cml%7C%22artificial+intelligence%22+or+ai&hl=en&as_sdt=2007&as_ylo=2012&as_yhi=2012"
4,"RR Greene","Contemporary issues of care",2012,"","taylorfrancis.com","https://www.taylorfrancis.com/books/mono/10.4324/9780203051658/contemporary-issues-care-roberta-greene","https://scholar.google.com/scholar?cites=15149245965304590469&as_sdt=2005&sciodt=2007&hl=en",53,"2022-07-17 10:02:25","BOOK","10.4324/9780203051658","","",,,,,4,0.40,4,1,10,"Make sure your clients get the best possible care throughout their livesContemporary Issues of Care presents the latest research findings on human behavior and the social …","","https://scholar.google.com/scholar?q=related:hfD_-PDuPNIJ:scholar.google.com/&scioq=misogyny%7Csexism+hate%7Ctoxic%7Cabusive%7Coffensive+detection%7Cidentification%7Cprediction%7Cclassification+%22natural+language+processing%22%7Cnlp%7C%22deep+learning%22%7C%22machine+learning%22%7Cml%7C%22artificial+intelligence%22+or+ai&hl=en&as_sdt=2007&as_ylo=2012&as_yhi=2012"
0,"AR Tippey","Cortisol Response to Prostate Cancer Screening Information Among African American Men",2012,"","thescholarship.ecu.edu","http://thescholarship.ecu.edu/handle/10342/3947","",41,"2022-07-17 10:02:25","","","","",,,,,0,0.00,0,1,10,"… in African American men in the effort to evaluate psychological harms in providing prostate cancer educational information and to increase appropriate screening for early detection of …","http://thescholarship.ecu.edu/bitstream/handle/10342/3947/Tippey_ecu_0600M_10689.pdf?sequence=1","https://scholar.google.com/scholar?q=related:YEqDR2RKUREJ:scholar.google.com/&scioq=misogyny%7Csexism+hate%7Ctoxic%7Cabusive%7Coffensive+detection%7Cidentification%7Cprediction%7Cclassification+%22natural+language+processing%22%7Cnlp%7C%22deep+learning%22%7C%22machine+learning%22%7Cml%7C%22artificial+intelligence%22+or+ai&hl=en&as_sdt=2007&as_ylo=2012&as_yhi=2012"
0,"MK Peterson","Created in the image of: Mormonism and the rhetorical production of identity in privately-published family histories",2012,"","search.proquest.com","https://search.proquest.com/openview/7a319446e78eb770219caab5e9e018cc/1?pq-origsite=gscholar&cbl=18750","",42,"2022-07-17 10:02:25","BOOK","","","",,,,,0,0.00,0,1,10,"… in moments of Burkean identification. These moments of identification are also analyzed in terms … , rhetoric exists because of our desire for identification in face of our tendency todivide. …","https://scholars.unh.edu/cgi/viewcontent.cgi?article=1666&context=dissertation","https://scholar.google.com/scholar?q=related:0JYSUJBE1goJ:scholar.google.com/&scioq=misogyny%7Csexism+hate%7Ctoxic%7Cabusive%7Coffensive+detection%7Cidentification%7Cprediction%7Cclassification+%22natural+language+processing%22%7Cnlp%7C%22deep+learning%22%7C%22machine+learning%22%7Cml%7C%22artificial+intelligence%22+or+ai&hl=en&as_sdt=2007&as_ylo=2012&as_yhi=2012"
0,"H Xu","Culpabilité et conduites prosociales: l'embodiment, l'approbation sociale et l'épuisement du soi",2012,"","theses.fr","https://www.theses.fr/2012GRENH010","",85,"2022-07-17 10:02:25","","","","",,,,,0,0.00,0,1,10,"… La morale de réciprocité : j'ai ruiné notre accord de réciprocité....................... 15 2.2 L’ostracisme : j'ai peur d'être exclu......................................................................... 16 2.3 Le principe de …","https://www.theses.fr/2012GRENH010/abes","https://scholar.google.com/scholar?q=related:neCZMiulyV4J:scholar.google.com/&scioq=misogyny%7Csexism+hate%7Ctoxic%7Cabusive%7Coffensive+detection%7Cidentification%7Cprediction%7Cclassification+%22natural+language+processing%22%7Cnlp%7C%22deep+learning%22%7C%22machine+learning%22%7Cml%7C%22artificial+intelligence%22+or+ai&hl=en&as_sdt=2007&as_ylo=2012&as_yhi=2012"
184,"S Baglieri","Disability studies and the inclusive classroom: Critical practices for creating least restrictive attitudes",2012,"","taylorfrancis.com","https://www.taylorfrancis.com/books/mono/10.4324/9780203837399/disability-studies-inclusive-classroom-susan-baglieri","https://scholar.google.com/scholar?cites=12089203905085042685&as_sdt=2005&sciodt=2007&hl=en",30,"2022-07-17 10:02:25","BOOK","10.4324/9780203837399","","",,,,,184,18.40,184,1,10,"This book’s mission is to integrate knowledge and practice from the fields of disability studies and special education. Parts I & II focus on the broad, foundational topics that comprise …","","https://scholar.google.com/scholar?q=related:_e_be-Z6xacJ:scholar.google.com/&scioq=misogyny%7Csexism+hate%7Ctoxic%7Cabusive%7Coffensive+detection%7Cidentification%7Cprediction%7Cclassification+%22natural+language+processing%22%7Cnlp%7C%22deep+learning%22%7C%22machine+learning%22%7Cml%7C%22artificial+intelligence%22+or+ai&hl=en&as_sdt=2007&as_ylo=2012&as_yhi=2012"
0,"MK Nixon","Disease and Subjectivity",,"litsciarts.org","","http://litsciarts.org/slsa12/SLSA2012OnlineProgram.pdf","",79,"2022-07-17 10:02:25","PDF","","","",,,,,0,0.00,0,1,,"… Specifically, I examine how the concepts of projective identification, empathetic identification… I propose a comparison of the ethics of dissecting one disembodied AI, restraining the …","http://litsciarts.org/slsa12/SLSA2012OnlineProgram.pdf",""
9,"M O'Connell","Don't act, don't tell: Discrimination based on gender nonconformity in the entertainment industry and the clinical setting",2012,"Journal of Gay & Lesbian Mental Health","Taylor & Francis","https://www.tandfonline.com/doi/abs/10.1080/19359705.2012.658013","https://scholar.google.com/scholar?cites=18134983392429316126&as_sdt=2005&sciodt=2007&hl=en",24,"2022-07-17 10:02:25","","10.1080/19359705.2012.658013","","",,,,,9,0.90,9,1,10,"… , bullying, suicides, and hate crimes against gender-… see on screen and, through this identification, feel reinforced in their own … and is powered by our AI driven recommendation …","","https://scholar.google.com/scholar?q=related:Hphb6U9nrPsJ:scholar.google.com/&scioq=misogyny%7Csexism+hate%7Ctoxic%7Cabusive%7Coffensive+detection%7Cidentification%7Cprediction%7Cclassification+%22natural+language+processing%22%7Cnlp%7C%22deep+learning%22%7C%22machine+learning%22%7Cml%7C%22artificial+intelligence%22+or+ai&hl=en&as_sdt=2007&as_ylo=2012&as_yhi=2012"
0,"D Rosenberg","Erotic Feelings During Breastfeeding: The Effects Education and Experience Have on a Woman's Perception",2012,"","search.proquest.com","https://search.proquest.com/openview/2fca74ee38a6da89b877f71c6edd9919/1?pq-origsite=gscholar&cbl=18750","",59,"2022-07-17 10:02:25","BOOK","","","",,,,,0,0.00,0,1,10,"Some women experience discomfort related to sexual feelings during breastfeeding which can lead to premature termination of breastfeeding. It was theorized that erotic feelings during …","","https://scholar.google.com/scholar?q=related:B33fKLsGJfsJ:scholar.google.com/&scioq=misogyny%7Csexism+hate%7Ctoxic%7Cabusive%7Coffensive+detection%7Cidentification%7Cprediction%7Cclassification+%22natural+language+processing%22%7Cnlp%7C%22deep+learning%22%7C%22machine+learning%22%7Cml%7C%22artificial+intelligence%22+or+ai&hl=en&as_sdt=2007&as_ylo=2012&as_yhi=2012"
25,"EC Bishop","Examining the raunch culture thesis through young Australian women's interpretations of contradictory discourses",2012,"Journal of Youth Studies","Taylor & Francis","https://www.tandfonline.com/doi/abs/10.1080/13676261.2012.693597","https://scholar.google.com/scholar?cites=9092301004743700096&as_sdt=2005&sciodt=2007&hl=en",35,"2022-07-17 10:02:25","","10.1080/13676261.2012.693597","","",,,,,25,2.50,25,1,10,"… Pornography was conceptualised as the epitome of male domination, sexism and sex … Recommended articles lists articles that we recommend and is powered by our AI driven …","http://ecite.utas.edu.au/78545/3/78545%20-%20Examining%20the%20raunch%20culture%20thesis.pdf2013-03-08monthly1.0","https://scholar.google.com/scholar?q=related:gO6sOpdXLn4J:scholar.google.com/&scioq=misogyny%7Csexism+hate%7Ctoxic%7Cabusive%7Coffensive+detection%7Cidentification%7Cprediction%7Cclassification+%22natural+language+processing%22%7Cnlp%7C%22deep+learning%22%7C%22machine+learning%22%7Cml%7C%22artificial+intelligence%22+or+ai&hl=en&as_sdt=2007&as_ylo=2012&as_yhi=2012"
23,"K Seymour","Feminist Practice: Who I am or What I do?",2012,"Australian Social Work","Taylor & Francis","https://www.tandfonline.com/doi/abs/10.1080/0312407X.2010.520088","https://scholar.google.com/scholar?cites=7292256824744764215&as_sdt=2005&sciodt=2007&hl=en",12,"2022-07-17 10:02:25","","10.1080/0312407X.2010.520088","","",,,,,23,2.30,23,1,10,"… field, to feminism in terms of their identification with feminist principles. Paying attention to these … Recommended articles lists articles that we recommend and is powered by our AI driven …","https://www.tandfonline.com/doi/pdf/10.1080/0312407X.2010.520088","https://scholar.google.com/scholar?q=related:N2PUMfJMM2UJ:scholar.google.com/&scioq=misogyny%7Csexism+hate%7Ctoxic%7Cabusive%7Coffensive+detection%7Cidentification%7Cprediction%7Cclassification+%22natural+language+processing%22%7Cnlp%7C%22deep+learning%22%7C%22machine+learning%22%7Cml%7C%22artificial+intelligence%22+or+ai&hl=en&as_sdt=2007&as_ylo=2012&as_yhi=2012"
1,"A Blanchard","Foucault, power and autonomy: why fight?",2012,"The Birmingham Political Review","blancharder.wordpress.com","https://blancharder.wordpress.com/category/philosophy/","https://scholar.google.com/scholar?cites=13047160646156619118&as_sdt=2005&sciodt=2007&hl=en",34,"2022-07-17 10:02:25","HTML","","","",,,,,1,0.10,1,1,10,"… And where the biopower of scrutiny and classification came … which preys upon it, and explicit misogyny, then wouldn’t the … expression and derived a largely offensive morality from it, not …","https://blancharder.wordpress.com/category/philosophy/","https://scholar.google.com/scholar?q=related:bg2fGXvTELUJ:scholar.google.com/&scioq=misogyny%7Csexism+hate%7Ctoxic%7Cabusive%7Coffensive+detection%7Cidentification%7Cprediction%7Cclassification+%22natural+language+processing%22%7Cnlp%7C%22deep+learning%22%7C%22machine+learning%22%7Cml%7C%22artificial+intelligence%22+or+ai&hl=en&as_sdt=2007&as_ylo=2012&as_yhi=2012"
0,"T Dimitriou","Funny love: Images of Aphrodite in Old Comedy",2012,"","search.proquest.com","https://search.proquest.com/openview/4bcdaf1154d579563dbe1fa8333dfdd8/1?pq-origsite=gscholar&cbl=18750","",97,"2022-07-17 10:02:25","BOOK","","","",,,,,0,0.00,0,1,10,"This study investigates the relationship between Aphrodite's literary image and her cultic role in Athenian civic religion. The plays and fragments, especially those in the Aristophanic …","","https://scholar.google.com/scholar?q=related:8OVOT5zBYf0J:scholar.google.com/&scioq=misogyny%7Csexism+hate%7Ctoxic%7Cabusive%7Coffensive+detection%7Cidentification%7Cprediction%7Cclassification+%22natural+language+processing%22%7Cnlp%7C%22deep+learning%22%7C%22machine+learning%22%7Cml%7C%22artificial+intelligence%22+or+ai&hl=en&as_sdt=2007&as_ylo=2012&as_yhi=2012"
0,"BYJ REYNOLDS","Future Of Greeks Questioned Again",,"digitalrepository.trincoll.edu","","https://digitalrepository.trincoll.edu/cgi/viewcontent.cgi?article=1145&context=tripod","",77,"2022-07-17 10:02:25","PDF","","","",,,,,0,0.00,0,1,,"… It has been argued by many that the pictures serve as a useful tool in identification of classmates. However, we feel … The misuse of these pictures has allowed blatant sexism to be per- …","https://digitalrepository.trincoll.edu/cgi/viewcontent.cgi?article=1145&context=tripod",""
68,"JJ Bigner, JL Wetchler","Handbook of LGBT-affirmative couple and family therapy",2012,"","books.google.com","https://books.google.com/books?hl=en&lr=&id=nU_gCgAAQBAJ&oi=fnd&pg=PR3&dq=misogyny%7Csexism+hate%7Ctoxic%7Cabusive%7Coffensive+detection%7Cidentification%7Cprediction%7Cclassification+%22natural+language+processing%22%7Cnlp%7C%22deep+learning%22%7C%22machine+learning%22%7Cml%7C%22artificial+intelligence%22+or+ai&ots=oy-cT2Oe8B&sig=7YXope8FFRnlaxP8adgCAFIws8w","https://scholar.google.com/scholar?cites=7807392710487302998&as_sdt=2005&sciodt=2007&hl=en",62,"2022-07-17 10:02:25","BOOK","","","",,,,,68,6.80,34,2,10,"… trademarks, and are used only for identification and explanation without intent to infringe. … According to neisen (1993), “Heterosexism is based on prejudices just as racism, sexism, etc. …","","https://scholar.google.com/scholar?q=related:VuORCk5uWWwJ:scholar.google.com/&scioq=misogyny%7Csexism+hate%7Ctoxic%7Cabusive%7Coffensive+detection%7Cidentification%7Cprediction%7Cclassification+%22natural+language+processing%22%7Cnlp%7C%22deep+learning%22%7C%22machine+learning%22%7Cml%7C%22artificial+intelligence%22+or+ai&hl=en&as_sdt=2007&as_ylo=2012&as_yhi=2012"
0,"L LEETS, H ILES","Harmful Speech in Intergroup Encounters: An Organizational Framework",2012,"Communication Yearbook 22","books.google.com","https://books.google.com/books?hl=en&lr=&id=9siMAgAAQBAJ&oi=fnd&pg=PA91&dq=misogyny%7Csexism+hate%7Ctoxic%7Cabusive%7Coffensive+detection%7Cidentification%7Cprediction%7Cclassification+%22natural+language+processing%22%7Cnlp%7C%22deep+learning%22%7C%22machine+learning%22%7Cml%7C%22artificial+intelligence%22+or+ai&ots=UQFLIQm-uW&sig=cPLiiTJCOXLpw6MV2veISPIfhNc","",25,"2022-07-17 10:02:25","","","","",,,,,0,0.00,0,2,10,"… on integration and thus identification of trends rather than on … 1995) has examined patterns of abusive couples to assist in the … attitudes such as racism and sexism. Alternatively, harmful …","","https://scholar.google.com/scholar?q=related:keoJeccPsX4J:scholar.google.com/&scioq=misogyny%7Csexism+hate%7Ctoxic%7Cabusive%7Coffensive+detection%7Cidentification%7Cprediction%7Cclassification+%22natural+language+processing%22%7Cnlp%7C%22deep+learning%22%7C%22machine+learning%22%7Cml%7C%22artificial+intelligence%22+or+ai&hl=en&as_sdt=2007&as_ylo=2012&as_yhi=2012"
1,"NG Charboneau","He loves me, he loves me not: A look at ambivalent sexism and its impact on peer evaluations of interviewee competency and likability",2012,"","search.proquest.com","https://search.proquest.com/openview/ffa1d6535aa73300f61ea51365e44cc9/1?pq-origsite=gscholar&cbl=18750","https://scholar.google.com/scholar?cites=8763778102146666319&as_sdt=2005&sciodt=2007&hl=en",2,"2022-07-17 10:02:25","BOOK","","","",,,,,1,0.10,1,1,10,"The current study evaluated the impact ambivalent sexism has on peer evaluations of a female interviewee. Participants listened to audio interviews between a male interviewer and a …","https://search.proquest.com/openview/ffa1d6535aa73300f61ea51365e44cc9/1?pq-origsite=gscholar&cbl=18750","https://scholar.google.com/scholar?q=related:T4_MXMAxn3kJ:scholar.google.com/&scioq=misogyny%7Csexism+hate%7Ctoxic%7Cabusive%7Coffensive+detection%7Cidentification%7Cprediction%7Cclassification+%22natural+language+processing%22%7Cnlp%7C%22deep+learning%22%7C%22machine+learning%22%7Cml%7C%22artificial+intelligence%22+or+ai&hl=en&as_sdt=2007&as_ylo=2012&as_yhi=2012"
17,"M Streett","Here comes the Judge: Violent pacifism in the book of Revelation",2012,"","books.google.com","https://books.google.com/books?hl=en&lr=&id=D8veBAAAQBAJ&oi=fnd&pg=PR9&dq=misogyny%7Csexism+hate%7Ctoxic%7Cabusive%7Coffensive+detection%7Cidentification%7Cprediction%7Cclassification+%22natural+language+processing%22%7Cnlp%7C%22deep+learning%22%7C%22machine+learning%22%7Cml%7C%22artificial+intelligence%22+or+ai&ots=q5l6LBJ85J&sig=PhkI1TSgpbz1S0Ng64Q5bZDxu14","https://scholar.google.com/scholar?cites=2726081558152679544&as_sdt=2005&sciodt=2007&hl=en",68,"2022-07-17 10:02:25","BOOK","","","",,,,,17,1.70,17,1,10,"… Identification with the crucified king shapes an identity that leads to behaviours inviting prosecution. this prosecution then creates a stronger identification … , Violence, and Misogyny’.82 …","","https://scholar.google.com/scholar?q=related:eBBv1rv81CUJ:scholar.google.com/&scioq=misogyny%7Csexism+hate%7Ctoxic%7Cabusive%7Coffensive+detection%7Cidentification%7Cprediction%7Cclassification+%22natural+language+processing%22%7Cnlp%7C%22deep+learning%22%7C%22machine+learning%22%7Cml%7C%22artificial+intelligence%22+or+ai&hl=en&as_sdt=2007&as_ylo=2012&as_yhi=2012"
19,"D Marshall","Historicizing sexualities education",2012,"Review of Education, Pedagogy, and Cultural Studies","Taylor & Francis","https://www.tandfonline.com/doi/abs/10.1080/10714413.2012.643730","https://scholar.google.com/scholar?cites=2822670487391740251&as_sdt=2005&sciodt=2007&hl=en",10,"2022-07-17 10:02:25","","10.1080/10714413.2012.643730","","",,,,,19,1.90,19,1,10,"… as part of the Summer Offensive for Gay Rights in Melbourne, … gay venue in protest over misogyny in the gay commercial scene… and is powered by our AI driven recommendation engine. …","https://www.tandfonline.com/doi/pdf/10.1080/10714413.2012.643730","https://scholar.google.com/scholar?q=related:W6H2ZtojLCcJ:scholar.google.com/&scioq=misogyny%7Csexism+hate%7Ctoxic%7Cabusive%7Coffensive+detection%7Cidentification%7Cprediction%7Cclassification+%22natural+language+processing%22%7Cnlp%7C%22deep+learning%22%7C%22machine+learning%22%7Cml%7C%22artificial+intelligence%22+or+ai&hl=en&as_sdt=2007&as_ylo=2012&as_yhi=2012"
34,"S Yumakulov, D Yergens, G Wolbring","Imagery of disabled people within social robotics research",2012,"International Conference on Social …","Springer","https://link.springer.com/chapter/10.1007/978-3-642-34103-8_17","https://scholar.google.com/scholar?cites=9544932278877713003&as_sdt=2005&sciodt=2007&hl=en",9,"2022-07-17 10:02:25","","10.1007/978-3-642-34103-8_17","","",,,,,34,3.40,11,3,10,"… Again, this research relies on the detection of “anomalies” as they are defined by the … One author pointed out that robots would not be abusive to their disabled charges as human …","https://www.researchgate.net/profile/Gregor-Wolbring/publication/259219555_Imagery_of_Disabled_People_within_Social_Robotics_Research/links/57f2dce808ae886b897c0085/Imagery-of-Disabled-People-within-Social-Robotics-Research.pdf","https://scholar.google.com/scholar?q=related:a3KqH1ZpdoQJ:scholar.google.com/&scioq=misogyny%7Csexism+hate%7Ctoxic%7Cabusive%7Coffensive+detection%7Cidentification%7Cprediction%7Cclassification+%22natural+language+processing%22%7Cnlp%7C%22deep+learning%22%7C%22machine+learning%22%7Cml%7C%22artificial+intelligence%22+or+ai&hl=en&as_sdt=2007&as_ylo=2012&as_yhi=2012"
0,"A Blum","Implications of the gay-affirmative stance in psychotherapy with gay men",2012,"","search.proquest.com","https://search.proquest.com/openview/1da8f2eb3ac0f931986dd90365d4af0f/1?pq-origsite=gscholar&cbl=18750","",74,"2022-07-17 10:02:25","","","","",,,,,0,0.00,0,1,10,"… identification with a part of the patient which represents either the patient himself (""concordant"" identification) … internalized by the patient (""complementary"" identification) (Racker, 1957). …","","https://scholar.google.com/scholar?q=related:GfYE9Qa-uSgJ:scholar.google.com/&scioq=misogyny%7Csexism+hate%7Ctoxic%7Cabusive%7Coffensive+detection%7Cidentification%7Cprediction%7Cclassification+%22natural+language+processing%22%7Cnlp%7C%22deep+learning%22%7C%22machine+learning%22%7Cml%7C%22artificial+intelligence%22+or+ai&hl=en&as_sdt=2007&as_ylo=2012&as_yhi=2012"
2,"DW Hutsell","Intragroup Attitudes of the LGBT Community: Assessment and Correlates.",2012,"","dc.etsu.edu","https://dc.etsu.edu/cgi/viewcontent.cgi?article=1042&context=honors","https://scholar.google.com/scholar?cites=8673363927682847654&as_sdt=2005&sciodt=2007&hl=en",32,"2022-07-17 10:02:25","PDF","","","",,,,,2,0.20,2,1,10,"… However, contact, outness, perceived stigma, and group identification are highlighted for their contributions to these attitudes that have already been explored or may prove beneficial. …","https://dc.etsu.edu/cgi/viewcontent.cgi?article=1042&context=honors","https://scholar.google.com/scholar?q=related:phM57Yn6XXgJ:scholar.google.com/&scioq=misogyny%7Csexism+hate%7Ctoxic%7Cabusive%7Coffensive+detection%7Cidentification%7Cprediction%7Cclassification+%22natural+language+processing%22%7Cnlp%7C%22deep+learning%22%7C%22machine+learning%22%7Cml%7C%22artificial+intelligence%22+or+ai&hl=en&as_sdt=2007&as_ylo=2012&as_yhi=2012"
206,"K Takahashi","Language learning, gender and desire: Japanese women on the move",2012,"","books.google.com","https://books.google.com/books?hl=en&lr=&id=wq9oEZnRDHMC&oi=fnd&pg=PR5&dq=misogyny%7Csexism+hate%7Ctoxic%7Cabusive%7Coffensive+detection%7Cidentification%7Cprediction%7Cclassification+%22natural+language+processing%22%7Cnlp%7C%22deep+learning%22%7C%22machine+learning%22%7Cml%7C%22artificial+intelligence%22+or+ai&ots=hZ4wzO9vLn&sig=d9Bhh8hdPDhLB3SYka-kR72y4Kw","https://scholar.google.com/scholar?cites=16721601062596037827&as_sdt=2005&sciodt=2007&hl=en",72,"2022-07-17 10:02:25","BOOK","","","",,,,,206,20.60,206,1,10,"Language Learning, Gender and Desire explores Japanese women? s desire for English as a means of identity transformation and as access to the West and its masculinity. Drawing …","","https://scholar.google.com/scholar?q=related:w8zUU5IPD-gJ:scholar.google.com/&scioq=misogyny%7Csexism+hate%7Ctoxic%7Cabusive%7Coffensive+detection%7Cidentification%7Cprediction%7Cclassification+%22natural+language+processing%22%7Cnlp%7C%22deep+learning%22%7C%22machine+learning%22%7Cml%7C%22artificial+intelligence%22+or+ai&hl=en&as_sdt=2007&as_ylo=2012&as_yhi=2012"
110,"KA Richmond, T Burnes, K Carroll","Lost in trans-lation: Interpreting systems of trauma for transgender clients",2012,"Traumatology","journals.sagepub.com","https://journals.sagepub.com/doi/abs/10.1177/1534765610396726","https://scholar.google.com/scholar?cites=12251076366771359365&as_sdt=2005&sciodt=2007&hl=en",7,"2022-07-17 10:02:25","","10.1177/1534765610396726","","",,,,,110,11.00,37,3,10,"… Herman advised that alternative classification systems may be necessary to fully depict the … hate crimes based on gender because the Federal Bureau Investigation’s (FBI) annual hate-…","https://www.researchgate.net/profile/Theodore-Burnes/publication/258194218_Lost_in_Trans-Lation_Interpreting_Systems_of_Trauma_for_Transgender_Clients/links/55623a2508ae8c0cab3333cf/Lost-in-Trans-Lation-Interpreting-Systems-of-Trauma-for-Transgender-Clients.pdf","https://scholar.google.com/scholar?q=related:hQ6X7QuRBKoJ:scholar.google.com/&scioq=misogyny%7Csexism+hate%7Ctoxic%7Cabusive%7Coffensive+detection%7Cidentification%7Cprediction%7Cclassification+%22natural+language+processing%22%7Cnlp%7C%22deep+learning%22%7C%22machine+learning%22%7Cml%7C%22artificial+intelligence%22+or+ai&hl=en&as_sdt=2007&as_ylo=2012&as_yhi=2012"
16,"ME Banks","Multiple minority identities and mental health: Social and research implications of diversity within and between groups",2012,"Multiple minority identities: Applications for practice …","books.google.com","https://books.google.com/books?hl=en&lr=&id=DBBa4ggh_FAC&oi=fnd&pg=PA35&dq=misogyny%7Csexism+hate%7Ctoxic%7Cabusive%7Coffensive+detection%7Cidentification%7Cprediction%7Cclassification+%22natural+language+processing%22%7Cnlp%7C%22deep+learning%22%7C%22machine+learning%22%7Cml%7C%22artificial+intelligence%22+or+ai&ots=_VHhlUuk-r&sig=auLffWZgf-Fg9qhbEDrn2vHZpQc","https://scholar.google.com/scholar?cites=13335070341399140354&as_sdt=2005&sciodt=2007&hl=en",18,"2022-07-17 10:02:25","","","","",,,,,16,1.60,16,1,10,"… and pseudoscience to a permanent subhuman classification, and consequently they and … society and from other sexual minorities; and sexism from both Native and LGBT communities. …","","https://scholar.google.com/scholar?q=related:AljxwdKvD7kJ:scholar.google.com/&scioq=misogyny%7Csexism+hate%7Ctoxic%7Cabusive%7Coffensive+detection%7Cidentification%7Cprediction%7Cclassification+%22natural+language+processing%22%7Cnlp%7C%22deep+learning%22%7C%22machine+learning%22%7Cml%7C%22artificial+intelligence%22+or+ai&hl=en&as_sdt=2007&as_ylo=2012&as_yhi=2012"
2,"MJ Corpus","Out of sight, out of mind: Exploring the mental health of Asian American lesbians",2012,"","academiccommons.columbia.edu","https://academiccommons.columbia.edu/doi/10.7916/D82F7VJ9","https://scholar.google.com/scholar?cites=18038721005003126957&as_sdt=2005&sciodt=2007&hl=en",20,"2022-07-17 10:02:25","","10.7916/D82F7VJ9","","",,,,,2,0.20,2,1,10,"… hate crimes. Szymanski found that the experience of a recent … For the purpose of this study, sexism is defined as negative … (s) if their primary identification is sexual orientation rather than …","https://academiccommons.columbia.edu/doi/10.7916/D81260R5/download","https://scholar.google.com/scholar?q=related:rbiWSS5pVvoJ:scholar.google.com/&scioq=misogyny%7Csexism+hate%7Ctoxic%7Cabusive%7Coffensive+detection%7Cidentification%7Cprediction%7Cclassification+%22natural+language+processing%22%7Cnlp%7C%22deep+learning%22%7C%22machine+learning%22%7Cml%7C%22artificial+intelligence%22+or+ai&hl=en&as_sdt=2007&as_ylo=2012&as_yhi=2012"
5,"SMA Saiter","Participatory reality constitution: A phenomenological study of generative experiences in higher education classrooms",2012,"","search.proquest.com","https://search.proquest.com/openview/ad42ce96d59d7446a61760c6822c3765/1?pq-origsite=gscholar&cbl=18750","https://scholar.google.com/scholar?cites=5605152404289623555&as_sdt=2005&sciodt=2007&hl=en",86,"2022-07-17 10:02:25","","","","",,,,,5,0.50,5,1,10,"This phenomenological inquiry into the felt experience of participatory sense-making and collaborative presence in small groups explores where and when a common field of …","https://www.academia.edu/download/52494799/Saiter_Dissertation.pdf","https://scholar.google.com/scholar?q=related:AxacEWqAyU0J:scholar.google.com/&scioq=misogyny%7Csexism+hate%7Ctoxic%7Cabusive%7Coffensive+detection%7Cidentification%7Cprediction%7Cclassification+%22natural+language+processing%22%7Cnlp%7C%22deep+learning%22%7C%22machine+learning%22%7Cml%7C%22artificial+intelligence%22+or+ai&hl=en&as_sdt=2007&as_ylo=2012&as_yhi=2012"
0,"EV Heuvel","Port Goys compliant: The ascent of Jewish literary hegemony in Trieste and Odessa",2012,"","search.proquest.com","https://search.proquest.com/openview/8110fd008fc3d3e3b49db7f43431b70c/1?pq-origsite=gscholar&cbl=18750","",100,"2022-07-17 10:02:25","BOOK","","","",,,,,0,0.00,0,1,10,"This dissertation examines Jewish literature in the late-nineteenth and early-twentieth centuries in the port cities of Odessa and Trieste. The purpose of this project is to demonstrate that …","","https://scholar.google.com/scholar?q=related:TBktoTolwfQJ:scholar.google.com/&scioq=misogyny%7Csexism+hate%7Ctoxic%7Cabusive%7Coffensive+detection%7Cidentification%7Cprediction%7Cclassification+%22natural+language+processing%22%7Cnlp%7C%22deep+learning%22%7C%22machine+learning%22%7Cml%7C%22artificial+intelligence%22+or+ai&hl=en&as_sdt=2007&as_ylo=2012&as_yhi=2012"
0,"A Neimanis, D Rainham, H Castleden","Prepared for Submission to Local Environment: The International Journal of Justice and Sustainability",2012,"… JUSTICE: MAKING THE CASE …","Citeseer","","",73,"2022-07-17 10:02:25","CITATION","","","",,,,,0,0.00,0,3,10,"","https://dalspace.library.dal.ca/bitstream/handle/10222/15839/Neimanis%2C%20Aelita%2C%20MES%2C%20SRES%2C%20December%202012.pdf?sequence=1&isAllowed=y#page=64","https://scholar.google.com/scholar?q=related:G4oLNyjRtVMJ:scholar.google.com/&scioq=misogyny%7Csexism+hate%7Ctoxic%7Cabusive%7Coffensive+detection%7Cidentification%7Cprediction%7Cclassification+%22natural+language+processing%22%7Cnlp%7C%22deep+learning%22%7C%22machine+learning%22%7Cml%7C%22artificial+intelligence%22+or+ai&hl=en&as_sdt=2007&as_ylo=2012&as_yhi=2012"
1125,"BE Whitley Jr, ME Kite","Principles of research in behavioral science",2012,"","taylorfrancis.com","https://www.taylorfrancis.com/books/mono/10.4324/9780203085219/principles-research-behavioral-science-bernard-whitley-jr-mary-kite","https://scholar.google.com/scholar?cites=17387534370660746571&as_sdt=2005&sciodt=2007&hl=en",49,"2022-07-17 10:02:25","BOOK","10.4324/9780203085219","","",,,,,1125,112.50,563,2,10,"Intended for beginning graduate or advanced undergraduate students, this book provides a comprehensive review of research methods used in psychology and related disciplines. It …","","https://scholar.google.com/scholar?q=related:SwUhE2PuTPEJ:scholar.google.com/&scioq=misogyny%7Csexism+hate%7Ctoxic%7Cabusive%7Coffensive+detection%7Cidentification%7Cprediction%7Cclassification+%22natural+language+processing%22%7Cnlp%7C%22deep+learning%22%7C%22machine+learning%22%7Cml%7C%22artificial+intelligence%22+or+ai&hl=en&as_sdt=2007&as_ylo=2012&as_yhi=2012"
0,"CMAE NAUMAN","RACE DISCRIMINATION AND DISPROPORTIONALITY IN SCHOOL DISCIPLINE",,"getd.libs.uga.edu","","http://getd.libs.uga.edu/pdfs/nauman_casie_m_201212_phd.pdf","",83,"2022-07-17 10:02:25","PDF","","","",,,,,0,0.00,0,1,,"… …in a school district in which there is institutional racism toward the Blacks conduct by black students that would not be “unusual” or “offensive” in a black environment becomes to …","http://getd.libs.uga.edu/pdfs/nauman_casie_m_201212_phd.pdf","https://scholar.google.com/scholar?q=related:P1LZ2fh8vX8J:scholar.google.com/&scioq=misogyny%7Csexism+hate%7Ctoxic%7Cabusive%7Coffensive+detection%7Cidentification%7Cprediction%7Cclassification+%22natural+language+processing%22%7Cnlp%7C%22deep+learning%22%7C%22machine+learning%22%7Cml%7C%22artificial+intelligence%22+or+ai&hl=en&as_sdt=2007&as_ylo=2012&as_yhi=2012"
0,"A Waxier","RINITYTRIPQD",,"digitalrepository.trincoll.edu","","https://digitalrepository.trincoll.edu/cgi/viewcontent.cgi?article=1001&context=tripod","",67,"2022-07-17 10:02:25","PDF","","","",,,,,0,0.00,0,1,,"… each side to build enough offensive weapons to overwhelm the … But from that point I was always aware of sexism-although L … I also find his prediction of the second .term as a completion …","https://digitalrepository.trincoll.edu/cgi/viewcontent.cgi?article=1001&context=tripod",""
2,"C Hassett-Walker","Race, Social Class, Communication, and Accusations: The Duke University Lacrosse Team Party",2012,"Journal of Ethnicity in Criminal Justice","Taylor & Francis","https://www.tandfonline.com/doi/abs/10.1080/15377938.2012.722883","https://scholar.google.com/scholar?cites=5554941464424762218&as_sdt=2005&sciodt=2007&hl=en",56,"2022-07-17 10:02:25","","10.1080/15377938.2012.722883","","",,,,,2,0.20,2,1,10,"… If race and/or class differences contribute to misunderstandings and a toxic environment, which … Recommended articles lists articles that we recommend and is powered by our AI driven …","","https://scholar.google.com/scholar?q=related:aksgn9QdF00J:scholar.google.com/&scioq=misogyny%7Csexism+hate%7Ctoxic%7Cabusive%7Coffensive+detection%7Cidentification%7Cprediction%7Cclassification+%22natural+language+processing%22%7Cnlp%7C%22deep+learning%22%7C%22machine+learning%22%7Cml%7C%22artificial+intelligence%22+or+ai&hl=en&as_sdt=2007&as_ylo=2012&as_yhi=2012"
0,"RA Lind","Race/Gender/Class/Media",2012,"","api.taylorfrancis.com","https://api.taylorfrancis.com/content/books/mono/download?identifierName=doi&identifierValue=10.4324/9781351630276&type=googlepdf","",45,"2022-07-17 10:02:25","","","","",,,,,0,0.00,0,1,10,"… trademarks, and are used only for identification and explanation without intent to infringe. … If we identify the presence of racism, classism, sexism (and heterosexism), we can hope that …","","https://scholar.google.com/scholar?q=related:IDfWk380XkoJ:scholar.google.com/&scioq=misogyny%7Csexism+hate%7Ctoxic%7Cabusive%7Coffensive+detection%7Cidentification%7Cprediction%7Cclassification+%22natural+language+processing%22%7Cnlp%7C%22deep+learning%22%7C%22machine+learning%22%7Cml%7C%22artificial+intelligence%22+or+ai&hl=en&as_sdt=2007&as_ylo=2012&as_yhi=2012"
3,"NM Mayo","Racism-related stress, racial identity and its effect on eating behaviors among African American women",2012,"","search.proquest.com","https://search.proquest.com/openview/01af558f448bbd984ae4d2130f4576e9/1?pq-origsite=gscholar&cbl=18750","https://scholar.google.com/scholar?cites=15471165898617988010&as_sdt=2005&sciodt=2007&hl=en",52,"2022-07-17 10:02:25","","","","",,,,,3,0.30,3,1,10,"… women are exposed to racism, sexism, and other societal stressors on a daily basis that … may fail to view acts of sexism as being mutually exclusive from acts of racism. Therefore, the …","","https://scholar.google.com/scholar?q=related:qiNDQGqftNYJ:scholar.google.com/&scioq=misogyny%7Csexism+hate%7Ctoxic%7Cabusive%7Coffensive+detection%7Cidentification%7Cprediction%7Cclassification+%22natural+language+processing%22%7Cnlp%7C%22deep+learning%22%7C%22machine+learning%22%7Cml%7C%22artificial+intelligence%22+or+ai&hl=en&as_sdt=2007&as_ylo=2012&as_yhi=2012"
2,"J Lennard","Reading Octavia E. Butler:'Xenogenesis'/'Lilith's Brood'",2012,"","books.google.com","https://books.google.com/books?hl=en&lr=&id=x_PgDwAAQBAJ&oi=fnd&pg=PT6&dq=misogyny%7Csexism+hate%7Ctoxic%7Cabusive%7Coffensive+detection%7Cidentification%7Cprediction%7Cclassification+%22natural+language+processing%22%7Cnlp%7C%22deep+learning%22%7C%22machine+learning%22%7Cml%7C%22artificial+intelligence%22+or+ai&ots=5suGvPR3xl&sig=3tIbHrNjcKiEAMbIVQxu24MU7bo","https://scholar.google.com/scholar?cites=9322618507480645986&as_sdt=2005&sciodt=2007&hl=en",75,"2022-07-17 10:02:25","BOOK","","","",,,,,2,0.20,2,1,10,"… Action in the USA secured some changes, sexism and bigotry in the workplace were even … ones controlled by an AI may have identities that amount to or surpass biological sapience. …","","https://scholar.google.com/scholar?q=related:YsHdoiOYYIEJ:scholar.google.com/&scioq=misogyny%7Csexism+hate%7Ctoxic%7Cabusive%7Coffensive+detection%7Cidentification%7Cprediction%7Cclassification+%22natural+language+processing%22%7Cnlp%7C%22deep+learning%22%7C%22machine+learning%22%7Cml%7C%22artificial+intelligence%22+or+ai&hl=en&as_sdt=2007&as_ylo=2012&as_yhi=2012"
1,"JM Na","Relational pedagogy: Nurturing Korean-American women's relational experiences toward leadership in the church",2012,"","search.proquest.com","https://search.proquest.com/openview/945406be9fc4d0d99d08760455e4c6de/1?pq-origsite=gscholar&cbl=18750","https://scholar.google.com/scholar?cites=12657677765382884005&as_sdt=2005&sciodt=2007&hl=en",91,"2022-07-17 10:02:25","BOOK","","","",,,,,1,0.10,1,1,10,"… Their strong identification as Korean relates to their lack of English skills.Only two of sixteen … distinctive forms ofoppression such as racism, classism, sexism, which are sustained by the …","","https://scholar.google.com/scholar?q=related:pcoBR90aqa8J:scholar.google.com/&scioq=misogyny%7Csexism+hate%7Ctoxic%7Cabusive%7Coffensive+detection%7Cidentification%7Cprediction%7Cclassification+%22natural+language+processing%22%7Cnlp%7C%22deep+learning%22%7C%22machine+learning%22%7Cml%7C%22artificial+intelligence%22+or+ai&hl=en&as_sdt=2007&as_ylo=2012&as_yhi=2012"
0,"S Weisselburg","SEC Conducts Elections Finally",,"digitalrepository.trincoll.edu","","https://digitalrepository.trincoll.edu/cgi/viewcontent.cgi?referer=&httpsredir=1&article=1985&context=tripod","",44,"2022-07-17 10:02:25","PDF","","","",,,,,0,0.00,0,1,,"… mittee, which makes decisions concerning i the athletic program, is now looking for ai … The student must sign the equipment out and show his Trinity identification. David M. Lee , an …","https://digitalrepository.trincoll.edu/cgi/viewcontent.cgi?referer=&httpsredir=1&article=1985&context=tripod",""
0,"JA Mundy","Safe Schools for LGBT Students Through Bullying Prevention Programs",2012,"","search.proquest.com","https://search.proquest.com/openview/32cc7e64642d7ab05171dc8941e83460/1?pq-origsite=gscholar&cbl=18750","",78,"2022-07-17 10:02:25","BOOK","","","",,,,,0,0.00,0,1,10,"… Should you fail to obtain approval of the study prior to the expiration dale, ai! tescarch … gay are the group most targeted in the United States for violent hate crimes, and this statistic …","","https://scholar.google.com/scholar?q=related:qOyBCSmWOrMJ:scholar.google.com/&scioq=misogyny%7Csexism+hate%7Ctoxic%7Cabusive%7Coffensive+detection%7Cidentification%7Cprediction%7Cclassification+%22natural+language+processing%22%7Cnlp%7C%22deep+learning%22%7C%22machine+learning%22%7Cml%7C%22artificial+intelligence%22+or+ai&hl=en&as_sdt=2007&as_ylo=2012&as_yhi=2012"
0,"K Lovato","Sex and death in modern America: media as a haven for taboo transgression",2012,"","lurepository.lakeheadu.ca","http://lurepository.lakeheadu.ca/handle/2453/327","",80,"2022-07-17 10:02:25","","","","",,,,,0,0.00,0,1,10,"This study examines popular media representations of sex and death, using examples from television, film and the internet, and frames them using Bakhtin's [Mikhail Bakhtin] theory of …","https://lurepository.lakeheadu.ca/bitstream/handle/2453/327/LovatoK2011m-1a.pdf?sequence=5&isAllowed=y",""
19,"RD McAnulty","Sex in college: The things they don't write home about.",2012,"","psycnet.apa.org","https://psycnet.apa.org/record/2012-10543-000","https://scholar.google.com/scholar?cites=3011184471470695515&as_sdt=2005&sciodt=2007&hl=en",40,"2022-07-17 10:02:25","BOOK","","","",,,,,19,1.90,19,1,10,"Misconceptions about college students' sexual practices abound. Some critics lament the demise of traditional dating in favor of casual sexual encounters. Yet, while the courtship …","","https://scholar.google.com/scholar?q=related:W-Qup1LgySkJ:scholar.google.com/&scioq=misogyny%7Csexism+hate%7Ctoxic%7Cabusive%7Coffensive+detection%7Cidentification%7Cprediction%7Cclassification+%22natural+language+processing%22%7Cnlp%7C%22deep+learning%22%7C%22machine+learning%22%7Cml%7C%22artificial+intelligence%22+or+ai&hl=en&as_sdt=2007&as_ylo=2012&as_yhi=2012"
28,"KS Calhoun, ER Mouilso…","Sexual assault among college students",2012,"… The things they don't write …","books.google.com","https://books.google.com/books?hl=en&lr=&id=QIRi8ZcI2BYC&oi=fnd&pg=PA263&dq=misogyny%7Csexism+hate%7Ctoxic%7Cabusive%7Coffensive+detection%7Cidentification%7Cprediction%7Cclassification+%22natural+language+processing%22%7Cnlp%7C%22deep+learning%22%7C%22machine+learning%22%7Cml%7C%22artificial+intelligence%22+or+ai&ots=lryDNojR7w&sig=vMwgKFX-dMNoHZ6Dp4hi276leY8","https://scholar.google.com/scholar?cites=10714953020807965529&as_sdt=2005&sciodt=2007&hl=en",55,"2022-07-17 10:02:25","","","","",,,,,28,2.80,9,3,10,"This chapter addresses a widespread problem on college campuses, one that remains under-acknowledged even by its victims. Sexual assault is an alltoo-common accompaniment to …","","https://scholar.google.com/scholar?q=related:WetBjgAps5QJ:scholar.google.com/&scioq=misogyny%7Csexism+hate%7Ctoxic%7Cabusive%7Coffensive+detection%7Cidentification%7Cprediction%7Cclassification+%22natural+language+processing%22%7Cnlp%7C%22deep+learning%22%7C%22machine+learning%22%7Cml%7C%22artificial+intelligence%22+or+ai&hl=en&as_sdt=2007&as_ylo=2012&as_yhi=2012"
70,"HM Levitt, JA Puckett, MR Ippolito…","Sexual minority women's gender identity and expression: Challenges and supports",2012,"Journal of Lesbian …","Taylor & Francis","https://www.tandfonline.com/doi/abs/10.1080/10894160.2011.605009","https://scholar.google.com/scholar?cites=2002454256228443371&as_sdt=2005&sciodt=2007&hl=en",8,"2022-07-17 10:02:25","","10.1080/10894160.2011.605009","","",,,,,70,7.00,18,4,10,"… of anti-discrimination policies or hate-crime legislation that … Additionally, butch identified women had more public identification … and is powered by our AI driven recommendation engine. …","https://www.tandfonline.com/doi/pdf/10.1080/10894160.2011.605009","https://scholar.google.com/scholar?q=related:6yR3XYklyhsJ:scholar.google.com/&scioq=misogyny%7Csexism+hate%7Ctoxic%7Cabusive%7Coffensive+detection%7Cidentification%7Cprediction%7Cclassification+%22natural+language+processing%22%7Cnlp%7C%22deep+learning%22%7C%22machine+learning%22%7Cml%7C%22artificial+intelligence%22+or+ai&hl=en&as_sdt=2007&as_ylo=2012&as_yhi=2012"
0,"R Arndt","Sexual safety of women in the military reserve: Perceptions of threats and support",2012,"","search.proquest.com","https://search.proquest.com/openview/0d95a11b0152fa8449ed01ffa84d08a8/1?pq-origsite=gscholar&cbl=18750","",70,"2022-07-17 10:02:25","","","","",,,,,0,0.00,0,1,10,"… Over the past two decades attention to violence and sexism in the military has increased. In … is available to them may lead to the identification of threats to military women's safety, and to …","",""
0,"BG Page","She's More Than Just The President's Wife",,"digitalrepository.trincoll.edu","","https://digitalrepository.trincoll.edu/cgi/viewcontent.cgi?article=1133&context=tripod","",36,"2022-07-17 10:02:25","PDF","","","",,,,,0,0.00,0,1,,"… We must confront the problem of sexism in even its mildest … On the ground, our tanks (namely the Ml A1) are far superior … We hate to kill people, but we kept reminding ourselves ""For …","https://digitalrepository.trincoll.edu/cgi/viewcontent.cgi?article=1133&context=tripod",""
6,"AE Stewart","Soteriology as Motivation in the Apocalypse of John",2012,"","search.proquest.com","https://search.proquest.com/openview/41c86f189df9e09ac2e06c131c7d3f4a/1?pq-origsite=gscholar&cbl=18750","https://scholar.google.com/scholar?cites=13819505862755119781&as_sdt=2005&sciodt=2007&hl=en",66,"2022-07-17 10:02:25","BOOK","","","",,,,,6,0.60,6,1,10,"… in order to provide some control over the identification of implicit warrants and backing. Third… contrast as a reflection of John's misogyny and sexist preoccupation with sexual desire and …","","https://scholar.google.com/scholar?q=related:pXLyAF2_yL8J:scholar.google.com/&scioq=misogyny%7Csexism+hate%7Ctoxic%7Cabusive%7Coffensive+detection%7Cidentification%7Cprediction%7Cclassification+%22natural+language+processing%22%7Cnlp%7C%22deep+learning%22%7C%22machine+learning%22%7Cml%7C%22artificial+intelligence%22+or+ai&hl=en&as_sdt=2007&as_ylo=2012&as_yhi=2012"
0,"D Rubinger","Special: Radicalism at Trinity in the 60's",,"digitalrepository.trincoll.edu","","https://digitalrepository.trincoll.edu/cgi/viewcontent.cgi?article=1050&context=tripod","",84,"2022-07-17 10:02:25","PDF","","","",,,,,0,0.00,0,1,,"Well, here's the moment you have all been waiting for. No more attempts at bribing TCAC officials when they are drunk, or spreading vicious rumours about the Grateful Dead's arrival at …","https://digitalrepository.trincoll.edu/cgi/viewcontent.cgi?article=1050&context=tripod",""
77,"DC Greene, PJ Britton","Stage of sexual minority identity formation: The impact of shame, internalized homophobia, ambivalence over emotional expression, and personal mastery",2012,"Journal of Gay & Lesbian Mental Health","Taylor & Francis","https://www.tandfonline.com/doi/abs/10.1080/19359705.2012.671126","https://scholar.google.com/scholar?cites=3906358288530472459&as_sdt=2005&sciodt=2007&hl=en",11,"2022-07-17 10:02:25","","10.1080/19359705.2012.671126","","",,,,,77,7.70,39,2,10,"… , or to what extent stage of identity development contributes to the prediction of these variables. … Recommended articles lists articles that we recommend and is powered by our AI driven …","","https://scholar.google.com/scholar?q=related:C_5CqSosNjYJ:scholar.google.com/&scioq=misogyny%7Csexism+hate%7Ctoxic%7Cabusive%7Coffensive+detection%7Cidentification%7Cprediction%7Cclassification+%22natural+language+processing%22%7Cnlp%7C%22deep+learning%22%7C%22machine+learning%22%7Cml%7C%22artificial+intelligence%22+or+ai&hl=en&as_sdt=2007&as_ylo=2012&as_yhi=2012"
84,"RJ Lewis, T Kholodkov, VJ Derlega","Still stressful after all these years: A review of lesbians' and bisexual women's minority stress",2012,"Journal of Lesbian Studies","Taylor & Francis","https://www.tandfonline.com/doi/abs/10.1080/10894160.2011.557641","https://scholar.google.com/scholar?cites=8253509056693203782&as_sdt=2005&sciodt=2007&hl=en",3,"2022-07-17 10:02:25","","10.1080/10894160.2011.557641","","",,,,,84,8.40,28,3,10,"… ) and group (eg, social support, identification with a sexual minority community) resources. It is … Recommended articles lists articles that we recommend and is powered by our AI driven …","https://www.tandfonline.com/doi/pdf/10.1080/10894160.2011.557641","https://scholar.google.com/scholar?q=related:RvOqEsJainIJ:scholar.google.com/&scioq=misogyny%7Csexism+hate%7Ctoxic%7Cabusive%7Coffensive+detection%7Cidentification%7Cprediction%7Cclassification+%22natural+language+processing%22%7Cnlp%7C%22deep+learning%22%7C%22machine+learning%22%7Cml%7C%22artificial+intelligence%22+or+ai&hl=en&as_sdt=2007&as_ylo=2012&as_yhi=2012"
17,"L Drabble, MJ Eliason","Substance use disorders treatment for sexual minority women",2012,"Journal of LGBT Issues in Counseling","Taylor & Francis","https://www.tandfonline.com/doi/abs/10.1080/15538605.2012.726150","https://scholar.google.com/scholar?cites=11615005934271405974&as_sdt=2005&sciodt=2007&hl=en",16,"2022-07-17 10:02:25","","10.1080/15538605.2012.726150","","",,,,,17,1.70,9,2,10,"… but share experiences of sexism, socialization as nurturers … and/or without protection against hate crimes and employment … and is powered by our AI driven recommendation engine. …","","https://scholar.google.com/scholar?q=related:lh9NuFvKMKEJ:scholar.google.com/&scioq=misogyny%7Csexism+hate%7Ctoxic%7Cabusive%7Coffensive+detection%7Cidentification%7Cprediction%7Cclassification+%22natural+language+processing%22%7Cnlp%7C%22deep+learning%22%7C%22machine+learning%22%7Cml%7C%22artificial+intelligence%22+or+ai&hl=en&as_sdt=2007&as_ylo=2012&as_yhi=2012"
0,"HOH LAI, IPBR DOUBT","TO CONVICT A person of a crime, the fact-finder2 must be satisfied beyond",2012,"Law, Virtue and Justice","books.google.com","https://books.google.com/books?hl=en&lr=&id=MGN6BAAAQBAJ&oi=fnd&pg=PT256&dq=misogyny%7Csexism+hate%7Ctoxic%7Cabusive%7Coffensive+detection%7Cidentification%7Cprediction%7Cclassification+%22natural+language+processing%22%7Cnlp%7C%22deep+learning%22%7C%22machine+learning%22%7Cml%7C%22artificial+intelligence%22+or+ai&ots=i7v2mrmaNS&sig=mDChAt5PqolJPIWds-fO1djgvhg","",58,"2022-07-17 10:02:25","","","","",,,,,0,0.00,0,2,10,"… If the shipowner’s prediction of a safe journey is incorrect, … [I] t is both disingenuous and rather offensive in my view, and … of the racism and sexism embedded in numerous legal rules and …","","https://scholar.google.com/scholar?q=related:YiJbV5he0N4J:scholar.google.com/&scioq=misogyny%7Csexism+hate%7Ctoxic%7Cabusive%7Coffensive+detection%7Cidentification%7Cprediction%7Cclassification+%22natural+language+processing%22%7Cnlp%7C%22deep+learning%22%7C%22machine+learning%22%7Cml%7C%22artificial+intelligence%22+or+ai&hl=en&as_sdt=2007&as_ylo=2012&as_yhi=2012"
0,"J REYNOLDS, J HEUSER","TRINITY TRIPOD",,"digitalrepository.trincoll.edu","","https://digitalrepository.trincoll.edu/cgi/viewcontent.cgi?referer=&httpsredir=1&article=1164&context=tripod","",88,"2022-07-17 10:02:25","PDF","","","",,,,,0,0.00,0,2,,"… Surely we wouldn't excuse racism because the racist was taught to hate on the basis of race, and lived in a racist community. The second, and more powerful reason, though, is that this …","https://digitalrepository.trincoll.edu/cgi/viewcontent.cgi?referer=&httpsredir=1&article=1164&context=tripod",""
30,"SH Lee","The (geo) politics of beauty: Race, transnationalism, and neoliberalism in South Korean beauty culture",2012,"","search.proquest.com","https://search.proquest.com/openview/baa4c821fe7afa796d6e751cda0258ea/1?pq-origsite=gscholar&cbl=18750","https://scholar.google.com/scholar?cites=9011078874975270405&as_sdt=2005&sciodt=2007&hl=en",89,"2022-07-17 10:02:25","","","","",,,,,30,3.00,30,1,10,"Departing from the current literature on cosmetic surgery, which largely asks why Korean women undergo procedures at the highest rates per capita globally and pathologizes them for …","https://deepblue.lib.umich.edu/bitstream/handle/2027.42/93903/shalee_1.pdf?sequence=1&is","https://scholar.google.com/scholar?q=related:BXbteX7IDX0J:scholar.google.com/&scioq=misogyny%7Csexism+hate%7Ctoxic%7Cabusive%7Coffensive+detection%7Cidentification%7Cprediction%7Cclassification+%22natural+language+processing%22%7Cnlp%7C%22deep+learning%22%7C%22machine+learning%22%7Cml%7C%22artificial+intelligence%22+or+ai&hl=en&as_sdt=2007&as_ylo=2012&as_yhi=2012"
0,"G Douglas","The Columnist as Trickster: Satire and Subversion in Literary Journalism",2012,"","core.ac.uk","https://core.ac.uk/download/pdf/145048666.pdf","",69,"2022-07-17 10:02:25","PDF","","","",,,,,0,0.00,0,1,10,"… In short, I believe that whiteness is an identification that still … , at the very least, as culturally offensive – is immediately and … is either knee-jerk racism or sexism. This writing of blackness …","https://core.ac.uk/download/pdf/145048666.pdf","https://scholar.google.com/scholar?q=related:dUxXlrrlzEUJ:scholar.google.com/&scioq=misogyny%7Csexism+hate%7Ctoxic%7Cabusive%7Coffensive+detection%7Cidentification%7Cprediction%7Cclassification+%22natural+language+processing%22%7Cnlp%7C%22deep+learning%22%7C%22machine+learning%22%7Cml%7C%22artificial+intelligence%22+or+ai&hl=en&as_sdt=2007&as_ylo=2012&as_yhi=2012"
0,"D England","The Correlates and Consequences of Tomboyism: An Exploration of Gender-related Characteristics, Peer Interactions, and Psychosocial Adjustment",2012,"","search.proquest.com","https://search.proquest.com/openview/88ca18878d990b65d811bd3f504f386f/1?pq-origsite=gscholar&cbl=18750","",64,"2022-07-17 10:02:25","BOOK","","","",,,,,0,0.00,0,1,10,"… method is self identification, where children are asked … include gender identity or the identification of the child’s gender, … were more likely to report sexism and gendered discrimination (…","https://keep.lib.asu.edu/_flysystem/fedora/c7/66305/tmp/package-Wuypa8/England_asu_0010N_12459.pdf","https://scholar.google.com/scholar?q=related:0xy8F7RBW0cJ:scholar.google.com/&scioq=misogyny%7Csexism+hate%7Ctoxic%7Cabusive%7Coffensive+detection%7Cidentification%7Cprediction%7Cclassification+%22natural+language+processing%22%7Cnlp%7C%22deep+learning%22%7C%22machine+learning%22%7Cml%7C%22artificial+intelligence%22+or+ai&hl=en&as_sdt=2007&as_ylo=2012&as_yhi=2012"
1,"AB Armstrong","The Japanese “ghetto-gansta”: Searching for prestige in Kansai hip hop performance",2012,"","search.proquest.com","https://search.proquest.com/openview/d29aadbeef120d609f5e441bf81e6148/1?pq-origsite=gscholar&cbl=18750","https://scholar.google.com/scholar?cites=1567204928874598420&as_sdt=2005&sciodt=2007&hl=en",98,"2022-07-17 10:02:25","BOOK","","","",,,,,1,0.10,1,1,10,"This dissertation treats emergent, outspoken class consciousness among performers of what I call"" ghetto-gangsta"" hip hop in Japan's Kansai region. Musicians, including Anarchy from …","","https://scholar.google.com/scholar?q=related:FNDPU5TUvxUJ:scholar.google.com/&scioq=misogyny%7Csexism+hate%7Ctoxic%7Cabusive%7Coffensive+detection%7Cidentification%7Cprediction%7Cclassification+%22natural+language+processing%22%7Cnlp%7C%22deep+learning%22%7C%22machine+learning%22%7Cml%7C%22artificial+intelligence%22+or+ai&hl=en&as_sdt=2007&as_ylo=2012&as_yhi=2012"
0,"BJ Moxham","The Joint Winter Meeting of the Anatomical Society, the British Association of Clinical Anatomists and the Institute of Anatomical Sciences was held at the …",2012,"","researchgate.net","https://www.researchgate.net/profile/Robert-Courtois/publication/260793510_Medical_students'_personalities_in_relation_to_their_attitudes_towards_science_anatomy_and_the_dissecting_room_experience_Abstract_Proceedings_of_the_Anatomical_Society/links/5a0806fe4585157013a5e134/Medical-students-personalities-in-relation-to-their-attitudes-towards-science-anatomy-and-the-dissecting-room-experience-Abstract-Proceedings-of-the-Anatomical-Society.pdf","",47,"2022-07-17 10:02:25","PDF","","","",,,,,0,0.00,0,1,10,"… methods to improve efficiency in deep learning. In particular, … and negative aspect of sexism within anatomy. Thus, the … The present study was designed to detect the toxic effect of …","https://www.researchgate.net/profile/Robert-Courtois/publication/260793510_Medical_students'_personalities_in_relation_to_their_attitudes_towards_science_anatomy_and_the_dissecting_room_experience_Abstract_Proceedings_of_the_Anatomical_Society/links/5a0806fe4585157013a5e134/Medical-students-personalities-in-relation-to-their-attitudes-towards-science-anatomy-and-the-dissecting-room-experience-Abstract-Proceedings-of-the-Anatomical-Society.pdf",""
0,"B Part","The Paradigms of Sustainable Development",,"starc.co.za","","https://www.starc.co.za/assets/uploads/01-Sustainable-Development-2012-its-Paradigms-and-Actors.pdf","",14,"2022-07-17 10:02:25","PDF","","","",,,,,0,0.00,0,1,,"… is acceptable (classism, racism or sexism) 2. Ethical discourse … toxic resources and materials must be substituted for non … in future act with artificial intelligence, (AI) eventually take on a …","https://www.starc.co.za/assets/uploads/01-Sustainable-Development-2012-its-Paradigms-and-Actors.pdf","https://scholar.google.com/scholar?q=related:K2sbDaZjYzsJ:scholar.google.com/&scioq=misogyny%7Csexism+hate%7Ctoxic%7Cabusive%7Coffensive+detection%7Cidentification%7Cprediction%7Cclassification+%22natural+language+processing%22%7Cnlp%7C%22deep+learning%22%7C%22machine+learning%22%7Cml%7C%22artificial+intelligence%22+or+ai&hl=en&as_sdt=2007&as_ylo=2012&as_yhi=2012"
0,"J Faulkner, HM Anderson","The dream lives",,"University News","core.ac.uk","https://core.ac.uk/download/pdf/61752830.pdf","",63,"2022-07-17 10:02:25","PDF","","","",,,,,0,0.00,0,2,,"… I couldn't stand still during the wasn't until I started making con- speeches; I had 10 keep moving nections between racism, sexism, through the people, up and down the politics of …","https://core.ac.uk/download/pdf/61752830.pdf",""
2265,"RR Valencia","The evolution of deficit thinking: Educational thought and practice",2012,"","taylorfrancis.com","https://www.taylorfrancis.com/books/mono/10.4324/9780203046586/evolution-deficit-thinking-richard-valencia","https://scholar.google.com/scholar?cites=7161160978165617307&as_sdt=2005&sciodt=2007&hl=en",31,"2022-07-17 10:02:25","BOOK","10.4324/9780203046586","","",,,,,2265,226.50,2265,1,10,"… , classism, racism, sexism, … a prediction of the maintenance and perpetuation of deficits, if intervention is not pursued. In sum, the three aspects of description, explanation and prediction …","","https://scholar.google.com/scholar?q=related:m1Lz2veNYWMJ:scholar.google.com/&scioq=misogyny%7Csexism+hate%7Ctoxic%7Cabusive%7Coffensive+detection%7Cidentification%7Cprediction%7Cclassification+%22natural+language+processing%22%7Cnlp%7C%22deep+learning%22%7C%22machine+learning%22%7Cml%7C%22artificial+intelligence%22+or+ai&hl=en&as_sdt=2007&as_ylo=2012&as_yhi=2012"
3,"JDD Clark","The experiences and development of undergraduate adult Black women",2012,"","search.proquest.com","https://search.proquest.com/openview/981b7e8840b40c5d14ffa01a3441862c/1?pq-origsite=gscholar&cbl=18750","https://scholar.google.com/scholar?cites=11790972698941469701&as_sdt=2005&sciodt=2007&hl=en",61,"2022-07-17 10:02:25","","","","",,,,,3,0.30,3,1,10,"… struggle of Black women against both racism and sexism in their everyday lives, she states: “… by Marcia to explain racial identification for Blacks. Cross labeled his model Nigresence. …","","https://scholar.google.com/scholar?q=related:BTS8zDLzoaMJ:scholar.google.com/&scioq=misogyny%7Csexism+hate%7Ctoxic%7Cabusive%7Coffensive+detection%7Cidentification%7Cprediction%7Cclassification+%22natural+language+processing%22%7Cnlp%7C%22deep+learning%22%7C%22machine+learning%22%7Cml%7C%22artificial+intelligence%22+or+ai&hl=en&as_sdt=2007&as_ylo=2012&as_yhi=2012"
15,"TE Armstrong","The hidden help: Black domestic workers in the civil rights movement",2012,"","search.proquest.com","https://search.proquest.com/openview/011be5a865b802e0150f6a0ae126b863/1?pq-origsite=gscholar&cbl=18750","https://scholar.google.com/scholar?cites=10230321355966579623&as_sdt=2005&sciodt=2007&hl=en",57,"2022-07-17 10:02:25","BOOK","","","",,,,,15,1.50,15,1,10,"… Although embedded within a structural context of three interlocking systems of oppression; racism, sexism, and classism, activists who were black domestic workers performed roles that …","https://ir.library.louisville.edu/cgi/viewcontent.cgi?article=1045&context=etd","https://scholar.google.com/scholar?q=related:pwN7GBJn-Y0J:scholar.google.com/&scioq=misogyny%7Csexism+hate%7Ctoxic%7Cabusive%7Coffensive+detection%7Cidentification%7Cprediction%7Cclassification+%22natural+language+processing%22%7Cnlp%7C%22deep+learning%22%7C%22machine+learning%22%7Cml%7C%22artificial+intelligence%22+or+ai&hl=en&as_sdt=2007&as_ylo=2012&as_yhi=2012"
60,"S Prentice, P Rayson, PJ Taylor","The language of Islamic extremism: Towards an automated identification of beliefs, motivations and justifications",2012,"International Journal of Corpus …","jbe-platform.com","https://www.jbe-platform.com/content/journals/10.1075/ijcl.17.2.05pre","https://scholar.google.com/scholar?cites=9503168592623564728&as_sdt=2005&sciodt=2007&hl=en",1,"2022-07-17 10:02:25","","10.1075/ijcl.17.2.05pre","","",,,,,60,6.00,20,3,10,"… Another area of work on extremist discourse is the study of how online hate groups use the Internet to communicate their ideology. Brindle (2009) used corpus techniques to study the …","https://www.researchgate.net/profile/Paul-Taylor-5/publication/258867297_The_language_of_Islamic_extremism_Towards_an_automated_identification_of_beliefs_motivations_and_justifications/links/0deec5370385dbc9c6000000/The-language-of-Islamic-extremism-Towards-an-automated-identification-of-beliefs-motivations-and-justifications.pdf","https://scholar.google.com/scholar?q=related:uPf5K3wJ4oMJ:scholar.google.com/&scioq=misogyny%7Csexism+hate%7Ctoxic%7Cabusive%7Coffensive+detection%7Cidentification%7Cprediction%7Cclassification+%22natural+language+processing%22%7Cnlp%7C%22deep+learning%22%7C%22machine+learning%22%7Cml%7C%22artificial+intelligence%22+or+ai&hl=en&as_sdt=2007&as_ylo=2012&as_yhi=2012"
2,"HE Edwards","The nigrescence of the “okay” brother: A phenomenological study on the impact of an education in a traditionally White learning institution on the racial identity …",2012,"","search.proquest.com","https://search.proquest.com/openview/d374ae731d4cd38c3771737dab31726d/1?pq-origsite=gscholar&cbl=18750","https://scholar.google.com/scholar?cites=6351813295870679232&as_sdt=2005&sciodt=2007&hl=en",101,"2022-07-17 10:02:25","BOOK","","","",,,,,2,0.20,2,1,10,"… Individuals who experience painful perceptions and confrontations will beoverwhelmed with hate for white people and fixate at stage 3. Even if theyprogress beyond the emotionalism of …","","https://scholar.google.com/scholar?q=related:wJj5C4osJlgJ:scholar.google.com/&scioq=misogyny%7Csexism+hate%7Ctoxic%7Cabusive%7Coffensive+detection%7Cidentification%7Cprediction%7Cclassification+%22natural+language+processing%22%7Cnlp%7C%22deep+learning%22%7C%22machine+learning%22%7Cml%7C%22artificial+intelligence%22+or+ai&hl=en&as_sdt=2007&as_ylo=2012&as_yhi=2012"
17,"MA Paludi","The psychology of love",2012,"","books.google.com","https://books.google.com/books?hl=en&lr=&id=BtK9MKx8QBQC&oi=fnd&pg=PP2&dq=misogyny%7Csexism+hate%7Ctoxic%7Cabusive%7Coffensive+detection%7Cidentification%7Cprediction%7Cclassification+%22natural+language+processing%22%7Cnlp%7C%22deep+learning%22%7C%22machine+learning%22%7Cml%7C%22artificial+intelligence%22+or+ai&ots=uWIlkI5yVR&sig=Uc_VfvkD9Drqng0K2usEsSdNeqc","https://scholar.google.com/scholar?cites=3147122854703892817&as_sdt=2005&sciodt=2007&hl=en",54,"2022-07-17 10:02:25","BOOK","","","",,,,,17,1.70,17,1,10,"… In Japanese Buddhism, ai is caring, passionate love and a fundamental desire that … Belonging for an older couple signifies identification as a couple, sharing of values, comfortable …","","https://scholar.google.com/scholar?q=related:UYkj64_TrCsJ:scholar.google.com/&scioq=misogyny%7Csexism+hate%7Ctoxic%7Cabusive%7Coffensive+detection%7Cidentification%7Cprediction%7Cclassification+%22natural+language+processing%22%7Cnlp%7C%22deep+learning%22%7C%22machine+learning%22%7Cml%7C%22artificial+intelligence%22+or+ai&hl=en&as_sdt=2007&as_ylo=2012&as_yhi=2012"
1,"CTS Wenzel","The relationship between professional orientations, staff development and overall attitudes towards victims of intimate partner violence",2012,"","search.proquest.com","https://search.proquest.com/openview/ac40c159e7b7171d2dd375b354ad0f84/1?pq-origsite=gscholar&cbl=18750","https://scholar.google.com/scholar?cites=14977579194666181100&as_sdt=2005&sciodt=2007&hl=en",51,"2022-07-17 10:02:25","BOOK","","","",,,,,1,0.10,1,1,10,"… judge battered vvomen vvho returned to their abusive partners. Significance was found in both … Barstow indicated that the church's long traditions of misogyny had escalated during the …","","https://scholar.google.com/scholar?q=related:7OFbRewM288J:scholar.google.com/&scioq=misogyny%7Csexism+hate%7Ctoxic%7Cabusive%7Coffensive+detection%7Cidentification%7Cprediction%7Cclassification+%22natural+language+processing%22%7Cnlp%7C%22deep+learning%22%7C%22machine+learning%22%7Cml%7C%22artificial+intelligence%22+or+ai&hl=en&as_sdt=2007&as_ylo=2012&as_yhi=2012"
9,"AM DeBaets","The robot as person: Robotic futurism and a theology of human ethical responsibility among humanoid machines",2012,"","search.proquest.com","https://search.proquest.com/openview/eb6880d35f04515a851d84200d1137b2/1?pq-origsite=gscholar&cbl=18750","https://scholar.google.com/scholar?cites=5039205843919674863&as_sdt=2005&sciodt=2007&hl=en",13,"2022-07-17 10:02:25","","","","",,,,,9,0.90,9,1,10,"… might be so interested in creating an artificial intelligence and what the approach we take to … hold as so important to our human nature that we hope to image them in AI, and how might …","","https://scholar.google.com/scholar?q=related:753nJATb7kUJ:scholar.google.com/&scioq=misogyny%7Csexism+hate%7Ctoxic%7Cabusive%7Coffensive+detection%7Cidentification%7Cprediction%7Cclassification+%22natural+language+processing%22%7Cnlp%7C%22deep+learning%22%7C%22machine+learning%22%7Cml%7C%22artificial+intelligence%22+or+ai&hl=en&as_sdt=2007&as_ylo=2012&as_yhi=2012"
20,"RH Woods Jr, DM Badzinski, JMH Fritz…","The “ideal professor” and gender effects in Christian higher education",2012,"Christian Higher …","Taylor & Francis","https://www.tandfonline.com/doi/abs/10.1080/15363759.2011.598378","https://scholar.google.com/scholar?cites=205638965326246661&as_sdt=2005&sciodt=2007&hl=en",46,"2022-07-17 10:02:25","","10.1080/15363759.2011.598378","","",,,,,20,2.00,5,4,10,"… influence student perceptions of faculty competence and identification of the traits of the ideal … Recommended articles lists articles that we recommend and is powered by our AI driven …","","https://scholar.google.com/scholar?q=related:BfM_qIyT2gIJ:scholar.google.com/&scioq=misogyny%7Csexism+hate%7Ctoxic%7Cabusive%7Coffensive+detection%7Cidentification%7Cprediction%7Cclassification+%22natural+language+processing%22%7Cnlp%7C%22deep+learning%22%7C%22machine+learning%22%7Cml%7C%22artificial+intelligence%22+or+ai&hl=en&as_sdt=2007&as_ylo=2012&as_yhi=2012"
3,"MB Cox","Through working closets: Examining rhetorical and narrative approaches to building LGBTQ & professional identity inside a corporate workplace",2012,"","d.lib.msu.edu","https://d.lib.msu.edu/etd/1938/datastream/OBJ/download/Through_working_closets___examining_rhetorical_and_narrative_approaches_to_building_LGBTQ___professional_identity_inside_a_corporate_workplace.pdf","https://scholar.google.com/scholar?cites=2648369315895169196&as_sdt=2005&sciodt=2007&hl=en",38,"2022-07-17 10:02:25","BOOK","","","",,,,,3,0.30,3,1,10,"To Stephanie Demorest: First, I want to thank my sister, Stephanie Demorest for your inspiration and support. Several years ago, in the late 90’s, we had a phone conversation where I …","https://d.lib.msu.edu/etd/1938/datastream/OBJ/download/Through_working_closets___examining_rhetorical_and_narrative_approaches_to_building_LGBTQ___professional_identity_inside_a_corporate_workplace.pdf","https://scholar.google.com/scholar?q=related:rND5c9zlwCQJ:scholar.google.com/&scioq=misogyny%7Csexism+hate%7Ctoxic%7Cabusive%7Coffensive+detection%7Cidentification%7Cprediction%7Cclassification+%22natural+language+processing%22%7Cnlp%7C%22deep+learning%22%7C%22machine+learning%22%7Cml%7C%22artificial+intelligence%22+or+ai&hl=en&as_sdt=2007&as_ylo=2012&as_yhi=2012"
2,"HR Outten","To engage or disengage? how group-based coping options explain the relationship between group identification and well-being for disadvantaged groups",2012,"","summit.sfu.ca","http://summit.sfu.ca/item/12507","https://scholar.google.com/scholar?cites=7024611888015878153&as_sdt=2005&sciodt=2007&hl=en",5,"2022-07-17 10:02:25","","","","",,,,,2,0.20,2,1,10,"… In this study I test the ability of group identification to foster … I also tested the ability of identification to deter group-based … the four samples higher group identification was associated …","http://summit.sfu.ca/system/files/iritems1/12507/etd7494_HOutten.pdf","https://scholar.google.com/scholar?q=related:CSgsTktvfGEJ:scholar.google.com/&scioq=misogyny%7Csexism+hate%7Ctoxic%7Cabusive%7Coffensive+detection%7Cidentification%7Cprediction%7Cclassification+%22natural+language+processing%22%7Cnlp%7C%22deep+learning%22%7C%22machine+learning%22%7Cml%7C%22artificial+intelligence%22+or+ai&hl=en&as_sdt=2007&as_ylo=2012&as_yhi=2012"
12,"LL Lovern","Trampling the sacred: Multicultural education as pedagogical racism",2012,"International Journal of Qualitative Studies in …","Taylor & Francis","https://www.tandfonline.com/doi/abs/10.1080/09518398.2012.720729","https://scholar.google.com/scholar?cites=772072940785504678&as_sdt=2005&sciodt=2007&hl=en",29,"2022-07-17 10:02:25","","10.1080/09518398.2012.720729","","",,,,,12,1.20,12,1,10,"… to accept the inaccurate and offensive treatment of her culture or to … of continued racism, classism, and sexism, there must be a … and is powered by our AI driven recommendation engine. …","https://www.academia.edu/download/87546581/09518398.2012.72072920220615-1-2vrd8.pdf","https://scholar.google.com/scholar?q=related:phE2wD_0tgoJ:scholar.google.com/&scioq=misogyny%7Csexism+hate%7Ctoxic%7Cabusive%7Coffensive+detection%7Cidentification%7Cprediction%7Cclassification+%22natural+language+processing%22%7Cnlp%7C%22deep+learning%22%7C%22machine+learning%22%7Cml%7C%22artificial+intelligence%22+or+ai&hl=en&as_sdt=2007&as_ylo=2012&as_yhi=2012"
0,"E Williams","Transgenerational meanings and experiences of body size and obesity among African American female dyads",2012,"","search.proquest.com","https://search.proquest.com/openview/35ee075a9f7f943e634e89e7b7fa7d8a/1?pq-origsite=gscholar&cbl=18750","",87,"2022-07-17 10:02:25","BOOK","","","",,,,,0,0.00,0,1,10,"… Feelings that daughters have about themselves have also beenfound to be closely related to identification with mothers. For example, it wasdemonstrated in a study of 410 Hispanic and …","","https://scholar.google.com/scholar?q=related:tkL5ArqM78sJ:scholar.google.com/&scioq=misogyny%7Csexism+hate%7Ctoxic%7Cabusive%7Coffensive+detection%7Cidentification%7Cprediction%7Cclassification+%22natural+language+processing%22%7Cnlp%7C%22deep+learning%22%7C%22machine+learning%22%7Cml%7C%22artificial+intelligence%22+or+ai&hl=en&as_sdt=2007&as_ylo=2012&as_yhi=2012"
0,"T Fish","U. Utah.. Phillips",,"University News","scholarworks.boisestate.edu","https://scholarworks.boisestate.edu/student_newspapers/634/","",76,"2022-07-17 10:02:25","","","","",,,,,0,0.00,0,1,,"… UNJsn't male privilege and sexism too ingrained? … , Nancy: I hate to say this, .dear, but I fear trouble's brewing. Everybody's unhappy, and co""}plaining. The paper's full of criticism of your …","https://scholarworks.boisestate.edu/cgi/viewcontent.cgi?article=1638&context=student_newspapers",""
0,"M Flagg","UncleSam-WantsYou",,"University News","scholarworks.boisestate.edu","https://scholarworks.boisestate.edu/student_newspapers/661/","",65,"2022-07-17 10:02:25","","","","",,,,,0,0.00,0,1,,"… Keto's prediction isbased on analyses of ,niattefwho makes … issues of the day and served to that misogyny is criticized … factories, and therefore as offensive to them as the war itself. …","https://scholarworks.boisestate.edu/cgi/viewcontent.cgi?article=1672&context=student_newspapers",""
46,"AS Johnson Lachuk, M Mosley","Us & Them? Entering a three-dimensional narrative inquiry space with white pre-service teachers to explore race, racism, and anti-racism",2012,"Race Ethnicity and Education","Taylor & Francis","https://www.tandfonline.com/doi/abs/10.1080/13613324.2011.578123","https://scholar.google.com/scholar?cites=138896748831574406&as_sdt=2005&sciodt=2007&hl=en",15,"2022-07-17 10:02:25","","10.1080/13613324.2011.578123","","",,,,,46,4.60,23,2,10,"… such as racism and sexism has important aspects for … discourse, largely due to offensive and racially laden comments such as, … and is powered by our AI driven recommendation engine. …","https://www.tandfonline.com/doi/pdf/10.1080/13613324.2011.578123","https://scholar.google.com/scholar?q=related:hgmQbtt17QEJ:scholar.google.com/&scioq=misogyny%7Csexism+hate%7Ctoxic%7Cabusive%7Coffensive+detection%7Cidentification%7Cprediction%7Cclassification+%22natural+language+processing%22%7Cnlp%7C%22deep+learning%22%7C%22machine+learning%22%7Cml%7C%22artificial+intelligence%22+or+ai&hl=en&as_sdt=2007&as_ylo=2012&as_yhi=2012"
626,"SL Katz-Wise, JS Hyde","Victimization experiences of lesbian, gay, and bisexual individuals: A meta-analysis",2012,"Journal of sex research","Taylor & Francis","https://www.tandfonline.com/doi/abs/10.1080/00224499.2011.637247","https://scholar.google.com/scholar?cites=8030468188497394929&as_sdt=2005&sciodt=2007&hl=en",17,"2022-07-17 10:02:25","","10.1080/00224499.2011.637247","","",,,,,626,62.60,313,2,10,"… A hate crime has additionally been defined … identification with the group but, rather, to whether the perpetrator views the victim as being representative of the group. Instrumentally, hate …","https://www.tandfonline.com/doi/pdf/10.1080/00224499.2011.637247","https://scholar.google.com/scholar?q=related:8Tx2K0X0cW8J:scholar.google.com/&scioq=misogyny%7Csexism+hate%7Ctoxic%7Cabusive%7Coffensive+detection%7Cidentification%7Cprediction%7Cclassification+%22natural+language+processing%22%7Cnlp%7C%22deep+learning%22%7C%22machine+learning%22%7Cml%7C%22artificial+intelligence%22+or+ai&hl=en&as_sdt=2007&as_ylo=2012&as_yhi=2012"
5,"JL Ratliff","Visualizing female agency: Space and gender in contemporary women's art in Mexico",2012,"","search.proquest.com","https://search.proquest.com/openview/626bf1c711cb7f541adf92d8c26a25d8/1?pq-origsite=gscholar&cbl=18750","https://scholar.google.com/scholar?cites=6452484363917746260&as_sdt=2005&sciodt=2007&hl=en",96,"2022-07-17 10:02:25","BOOK","","","",,,,,5,0.50,5,1,10,"… affinity does not reveal theinherent nature and identification of women; instead, such spatial … ,"" identifying a ""deep-rooted misogyny"" that accountsfor unpunished or ignored violence …","","https://scholar.google.com/scholar?q=related:VGAUnlfUi1kJ:scholar.google.com/&scioq=misogyny%7Csexism+hate%7Ctoxic%7Cabusive%7Coffensive+detection%7Cidentification%7Cprediction%7Cclassification+%22natural+language+processing%22%7Cnlp%7C%22deep+learning%22%7C%22machine+learning%22%7Cml%7C%22artificial+intelligence%22+or+ai&hl=en&as_sdt=2007&as_ylo=2012&as_yhi=2012"
0,"R Schwarzer","WORKSHOP# 2 MECHANISMS OF HEALTH BEHAVIOUR CHANGE",2012,"Int. J. Behav. Med","Springer","https://link.springer.com/article/10.1007/s12529-012-9247-0","",94,"2022-07-17 10:02:25","HTML","10.1007/s12529-012-9247-0","","",,,,,0,0.00,0,1,10,"… increase around the menopause period; as a result, risk groups should be given considerable attention taking into account the characteristics which account for a significant prediction …","https://link.springer.com/article/10.1007/s12529-012-9247-0","https://scholar.google.com/scholar?q=related:otB6i7PB8FsJ:scholar.google.com/&scioq=misogyny%7Csexism+hate%7Ctoxic%7Cabusive%7Coffensive+detection%7Cidentification%7Cprediction%7Cclassification+%22natural+language+processing%22%7Cnlp%7C%22deep+learning%22%7C%22machine+learning%22%7Cml%7C%22artificial+intelligence%22+or+ai&hl=en&as_sdt=2007&as_ylo=2012&as_yhi=2012"
2,"SR Griffin","When the Black Kids Moved In: Racial Reproduction and the Promise of Intergroup Dialogue in an Exurban High School",2012,"","search.proquest.com","https://search.proquest.com/openview/746948cd0220521fc401e3fc10e5ac8f/1?pq-origsite=gscholar&cbl=18750","https://scholar.google.com/scholar?cites=16735430774578930724&as_sdt=2005&sciodt=2007&hl=en",99,"2022-07-17 10:02:25","","","","",,,,,2,0.20,2,1,10,"… These moments of categorization and identification are both structural andcultural. They not … According to him, even when the occasional white jokewas told, it was not offensive or …","https://deepblue.lib.umich.edu/bitstream/handle/2027.42/93946/srgriffi_1.pdf?sequence=1","https://scholar.google.com/scholar?q=related:JOTqEZ8xQOgJ:scholar.google.com/&scioq=misogyny%7Csexism+hate%7Ctoxic%7Cabusive%7Coffensive+detection%7Cidentification%7Cprediction%7Cclassification+%22natural+language+processing%22%7Cnlp%7C%22deep+learning%22%7C%22machine+learning%22%7Cml%7C%22artificial+intelligence%22+or+ai&hl=en&as_sdt=2007&as_ylo=2012&as_yhi=2012"
0,"R HERRERA","Zvinity Cripoir",,"digitalrepository.trincoll.edu","","https://digitalrepository.trincoll.edu/cgi/viewcontent.cgi?referer=&httpsredir=1&article=1269&context=tripod","",60,"2022-07-17 10:02:25","PDF","","","",,,,,0,0.00,0,1,,"… hate and agression'why are you sickened to see two people show- This world is filled with so much hate … ; apathy, classism, racism, and sexism. The top 5 schools share the same issues …","https://digitalrepository.trincoll.edu/cgi/viewcontent.cgi?referer=&httpsredir=1&article=1269&context=tripod",""
26,"JM Chonody, SE Rutledge, S Smith","“That's so gay”: Language Use and Antigay Bias Among Heterosexual College Students",2012,"Journal of Gay & Lesbian …","Taylor & Francis","https://www.tandfonline.com/doi/abs/10.1080/10538720.2012.697036","https://scholar.google.com/scholar?cites=8971901283758258820&as_sdt=2005&sciodt=2007&hl=en",22,"2022-07-17 10:02:25","","10.1080/10538720.2012.697036","","",,,,,26,2.60,9,3,10,"… the 40-year-old 1969 federal hate crimes law to include sexual … that include assessment of ageism, sexism, racism, and ability … and is powered by our AI driven recommendation engine. …","","https://scholar.google.com/scholar?q=related:hDpIsq6YgnwJ:scholar.google.com/&scioq=misogyny%7Csexism+hate%7Ctoxic%7Cabusive%7Coffensive+detection%7Cidentification%7Cprediction%7Cclassification+%22natural+language+processing%22%7Cnlp%7C%22deep+learning%22%7C%22machine+learning%22%7Cml%7C%22artificial+intelligence%22+or+ai&hl=en&as_sdt=2007&as_ylo=2012&as_yhi=2012"
2,"박영규","소년범에 대한 보호관찰의 문제점과 개선방안",2012,"소년보호연구","kisseng.kstudy.com","https://kisseng.kstudy.com/thesis/thesis-view.asp?key=3864456","https://scholar.google.com/scholar?cites=15058929544144979273&as_sdt=2005&sciodt=2007&hl=en",6,"2022-07-17 10:02:25","HTML","","","",,,,,2,0.20,2,1,10,"… various abusive acts and to redesign the way to respond to them. … sexism and that functions as sexism. While hostile … utilize big data and artificial intelligence for policy improvement for …","https://kisseng.kstudy.com/thesis/thesis-view.asp?key=3864456","https://scholar.google.com/scholar?q=related:SYVlgKIQ_NAJ:scholar.google.com/&scioq=misogyny%7Csexism+hate%7Ctoxic%7Cabusive%7Coffensive+detection%7Cidentification%7Cprediction%7Cclassification+%22natural+language+processing%22%7Cnlp%7C%22deep+learning%22%7C%22machine+learning%22%7Cml%7C%22artificial+intelligence%22+or+ai&hl=en&as_sdt=2007&as_ylo=2012&as_yhi=2012"
3,"김유숙, 김보은, 박일순, 이성진, 권기한, 박종","청소년의 인터넷 중독과 자살의도ㆍ시도와의 관련성",2012,"소년보호연구","kisseng.kstudy.com","https://kisseng.kstudy.com/thesis/thesis-view.asp?key=3864455","https://scholar.google.com/scholar?cites=5059691148891746014&as_sdt=2005&sciodt=2007&hl=en",4,"2022-07-17 10:02:25","HTML","","","",,,,,3,0.30,1,6,10,"… various abusive acts and to redesign the way to respond to them. … sexism and that functions as sexism. While hostile … utilize big data and artificial intelligence for policy improvement for …","https://kisseng.kstudy.com/thesis/thesis-view.asp?key=3864455","https://scholar.google.com/scholar?q=related:3m7h4kqiN0YJ:scholar.google.com/&scioq=misogyny%7Csexism+hate%7Ctoxic%7Cabusive%7Coffensive+detection%7Cidentification%7Cprediction%7Cclassification+%22natural+language+processing%22%7Cnlp%7C%22deep+learning%22%7C%22machine+learning%22%7Cml%7C%22artificial+intelligence%22+or+ai&hl=en&as_sdt=2007&as_ylo=2012&as_yhi=2012"
